--
-- PostgreSQL database dump
--

-- Dumped from database version 13.6
-- Dumped by pg_dump version 13.6

-- Started on 2022-11-30 11:32:49

SET statement_timeout = 0;
SET lock_timeout = 0;
SET idle_in_transaction_session_timeout = 0;
SET client_encoding = 'UTF8';
SET standard_conforming_strings = on;
SELECT pg_catalog.set_config('search_path', '', false);
SET check_function_bodies = false;
SET xmloption = content;
SET client_min_messages = warning;
SET row_security = off;

--
-- TOC entry 203 (class 1259 OID 16522)
-- Name: alternative_seq; Type: SEQUENCE; Schema: public; Owner: -
--

CREATE SEQUENCE public.alternative_seq
    START WITH 1
    INCREMENT BY 1
    NO MINVALUE
    NO MAXVALUE
    CACHE 1;


SET default_tablespace = '';

SET default_table_access_method = heap;

--
-- TOC entry 202 (class 1259 OID 16514)
-- Name: alternative; Type: TABLE; Schema: public; Owner: -
--

CREATE TABLE public.alternative (
    alternative_id bigint DEFAULT nextval('public.alternative_seq'::regclass) NOT NULL,
    variant character varying NOT NULL,
    expert_system_id bigint NOT NULL
);


--
-- TOC entry 210 (class 1259 OID 16556)
-- Name: bot_user; Type: TABLE; Schema: public; Owner: -
--

CREATE TABLE public.bot_user (
    teleg_id character varying NOT NULL,
    date_reg timestamp with time zone,
    user_name character varying
);


--
-- TOC entry 201 (class 1259 OID 16508)
-- Name: expert_system_seq; Type: SEQUENCE; Schema: public; Owner: -
--

CREATE SEQUENCE public.expert_system_seq
    START WITH 1
    INCREMENT BY 1
    NO MINVALUE
    NO MAXVALUE
    CACHE 1;


--
-- TOC entry 200 (class 1259 OID 16503)
-- Name: expert_system; Type: TABLE; Schema: public; Owner: -
--

CREATE TABLE public.expert_system (
    expert_system_id bigint DEFAULT nextval('public.expert_system_seq'::regclass) NOT NULL,
    title character varying(300) NOT NULL,
    owner_teleg_id character varying NOT NULL
);


--
-- TOC entry 205 (class 1259 OID 16530)
-- Name: keyboard_seq; Type: SEQUENCE; Schema: public; Owner: -
--

CREATE SEQUENCE public.keyboard_seq
    START WITH 1
    INCREMENT BY 1
    NO MINVALUE
    NO MAXVALUE
    CACHE 1;


--
-- TOC entry 204 (class 1259 OID 16525)
-- Name: keyboard; Type: TABLE; Schema: public; Owner: -
--

CREATE TABLE public.keyboard (
    keyboard_id bigint DEFAULT nextval('public.keyboard_seq'::regclass) NOT NULL,
    expert_system_id bigint NOT NULL,
    question character varying NOT NULL,
    order_kb bigint NOT NULL
);


--
-- TOC entry 207 (class 1259 OID 16541)
-- Name: response_option_seq; Type: SEQUENCE; Schema: public; Owner: -
--

CREATE SEQUENCE public.response_option_seq
    START WITH 1
    INCREMENT BY 1
    NO MINVALUE
    NO MAXVALUE
    CACHE 1;


--
-- TOC entry 206 (class 1259 OID 16536)
-- Name: response_option; Type: TABLE; Schema: public; Owner: -
--

CREATE TABLE public.response_option (
    response_option_id bigint DEFAULT nextval('public.response_option_seq'::regclass) NOT NULL,
    keyboard_id bigint NOT NULL,
    response character varying NOT NULL
);


--
-- TOC entry 209 (class 1259 OID 16553)
-- Name: response_option_alternative_seq; Type: SEQUENCE; Schema: public; Owner: -
--

CREATE SEQUENCE public.response_option_alternative_seq
    START WITH 1
    INCREMENT BY 1
    NO MINVALUE
    NO MAXVALUE
    CACHE 1;


--
-- TOC entry 208 (class 1259 OID 16547)
-- Name: response_option_alternative; Type: TABLE; Schema: public; Owner: -
--

CREATE TABLE public.response_option_alternative (
    response_option_alternative_id bigint DEFAULT nextval('public.response_option_alternative_seq'::regclass) NOT NULL,
    response_option_id bigint NOT NULL,
    alternative_id bigint NOT NULL,
    value integer DEFAULT 0 NOT NULL
);


--
-- TOC entry 212 (class 1259 OID 16576)
-- Name: user_alternative_seq; Type: SEQUENCE; Schema: public; Owner: -
--

CREATE SEQUENCE public.user_alternative_seq
    START WITH 1
    INCREMENT BY 1
    NO MINVALUE
    NO MAXVALUE
    CACHE 1;


--
-- TOC entry 211 (class 1259 OID 16567)
-- Name: user_alternative; Type: TABLE; Schema: public; Owner: -
--

CREATE TABLE public.user_alternative (
    user_alternative_id bigint DEFAULT nextval('public.user_alternative_seq'::regclass) NOT NULL,
    teleg_id character varying NOT NULL,
    alternative_id bigint NOT NULL,
    score bigint DEFAULT 0 NOT NULL
);


--
-- TOC entry 214 (class 1259 OID 16587)
-- Name: user_keyboard_seq; Type: SEQUENCE; Schema: public; Owner: -
--

CREATE SEQUENCE public.user_keyboard_seq
    START WITH 1
    INCREMENT BY 1
    NO MINVALUE
    NO MAXVALUE
    CACHE 1;


--
-- TOC entry 213 (class 1259 OID 16579)
-- Name: user_keyboard; Type: TABLE; Schema: public; Owner: -
--

CREATE TABLE public.user_keyboard (
    user_keyboard_id bigint DEFAULT nextval('public.user_keyboard_seq'::regclass) NOT NULL,
    teleg_id character varying NOT NULL,
    keyboard_id bigint NOT NULL
);


--
-- TOC entry 3054 (class 0 OID 16514)
-- Dependencies: 202
-- Data for Name: alternative; Type: TABLE DATA; Schema: public; Owner: -
--

COPY public.alternative (alternative_id, variant, expert_system_id) FROM stdin;
115	Турция\nhttps://ru.wikipedia.org/wiki/Турция\n	30
116	США\n https://ru.wikipedia.org/wiki/Соединённые_Штаты_Америки\n	30
117	Египет\nhttps://ru.wikipedia.org/wiki/Египет\n	30
118	Германия \nhttps://ru.wikipedia.org/wiki/Германия\n	30
119	Counter-Strike Go	31
120	Dota2	31
121	GTA5	31
122	SIMS	31
123	Турция\nhttps://ru.wikipedia.org/wiki/Турция\n	32
124	США\n https://ru.wikipedia.org/wiki/Соединённые_Штаты_Америки\n	32
125	Египет\nhttps://ru.wikipedia.org/wiki/Египет\n	32
126	Германия \nhttps://ru.wikipedia.org/wiki/Германия\n	32
127	США\nhttps://tonkosti.ru/Соединенные_Штаты_Америки	33
128	Мексика\nhttps://tonkosti.ru/Мексика	33
129	Австралия\nhttps://tonkosti.ru/Австралия	33
130	Великобритания\nhttps://tonkosti.ru/Великобритания	33
131	Франция\nhttps://tonkosti.ru/Франция	33
132	Венгрия \nhttps://tonkosti.ru/Венгрия	33
133	Германия\nhttps://tonkosti.ru/Германия	33
134	Италия\nhttps://tonkosti.ru/Италия	33
135	Испания\nhttps://tonkosti.ru/Испания	33
136	Чехия\nhttps://tonkosti.ru/Чехия	33
137	Черногория\nhttps://tonkosti.ru/Черногория	33
138	Греция\nhttps://tonkosti.ru/Греция	33
139	Египет\nhttps://tonkosti.ru/Египет	33
140	Турция\nhttps://tonkosti.ru/Турция	33
141	Китай\nhttps://tonkosti.ru/Китай	33
142	Индонезия\nhttps://tonkosti.ru/Индонезия	33
143	Аргентина\nhttps://tonkosti.ru/Аргентина	33
144	Тунис\nhttps://tonkosti.ru/Тунис	33
145	Мадагаскар\nhttps://tonkosti.ru/Мадагаскар	33
146	Бразилия\nhttps://tonkosti.ru/Бразилия	33
147	США\nhttps://tonkosti.ru/Соединенные_Штаты_Америки	34
148	Мексика\nhttps://tonkosti.ru/Мексика	34
149	Австралия\nhttps://tonkosti.ru/Австралия	34
150	Великобритания\nhttps://tonkosti.ru/Великобритания	34
151	Франция\nhttps://tonkosti.ru/Франция	34
152	Венгрия \nhttps://tonkosti.ru/Венгрия	34
153	Германия\nhttps://tonkosti.ru/Германия	34
154	Италия\nhttps://tonkosti.ru/Италия	34
155	Испания\nhttps://tonkosti.ru/Испания	34
156	Чехия\nhttps://tonkosti.ru/Чехия	34
157	Черногория\nhttps://tonkosti.ru/Черногория	34
158	Греция\nhttps://tonkosti.ru/Греция	34
159	Египет\nhttps://tonkosti.ru/Египет	34
160	Турция\nhttps://tonkosti.ru/Турция	34
161	Китай\nhttps://tonkosti.ru/Китай	34
162	Индонезия\nhttps://tonkosti.ru/Индонезия	34
163	Аргентина\nhttps://tonkosti.ru/Аргентина	34
164	Тунис\nhttps://tonkosti.ru/Тунис	34
165	Мадагаскар\nhttps://tonkosti.ru/Мадагаскар	34
166	Бразилия\nhttps://tonkosti.ru/Бразилия	34
167	США\nhttps://tonkosti.ru/Соединенные_Штаты_Америки	35
168	Мексика\nhttps://tonkosti.ru/Мексика	35
169	Австралия\nhttps://tonkosti.ru/Австралия	35
170	Великобритания\nhttps://tonkosti.ru/Великобритания	35
171	Франция\nhttps://tonkosti.ru/Франция	35
172	Венгрия \nhttps://tonkosti.ru/Венгрия	35
173	Германия\nhttps://tonkosti.ru/Германия	35
174	Италия\nhttps://tonkosti.ru/Италия	35
175	Испания\nhttps://tonkosti.ru/Испания	35
176	Чехия\nhttps://tonkosti.ru/Чехия	35
177	Черногория\nhttps://tonkosti.ru/Черногория	35
178	Греция\nhttps://tonkosti.ru/Греция	35
179	Египет\nhttps://tonkosti.ru/Египет	35
180	Турция\nhttps://tonkosti.ru/Турция	35
181	Китай\nhttps://tonkosti.ru/Китай	35
182	Индонезия\nhttps://tonkosti.ru/Индонезия	35
183	Аргентина\nhttps://tonkosti.ru/Аргентина	35
184	Тунис\nhttps://tonkosti.ru/Тунис	35
185	Мадагаскар\nhttps://tonkosti.ru/Мадагаскар	35
186	Бразилия\nhttps://tonkosti.ru/Бразилия	35
187	США\nhttps://tonkosti.ru/Соединенные_Штаты_Америки	36
188	Мексика\nhttps://tonkosti.ru/Мексика	36
189	Австралия\nhttps://tonkosti.ru/Австралия	36
190	Великобритания\nhttps://tonkosti.ru/Великобритания	36
191	Франция\nhttps://tonkosti.ru/Франция	36
192	Венгрия \nhttps://tonkosti.ru/Венгрия	36
193	Германия\nhttps://tonkosti.ru/Германия	36
194	Италия\nhttps://tonkosti.ru/Италия	36
195	Испания\nhttps://tonkosti.ru/Испания	36
196	Чехия\nhttps://tonkosti.ru/Чехия	36
197	Черногория\nhttps://tonkosti.ru/Черногория	36
198	Греция\nhttps://tonkosti.ru/Греция	36
199	Египет\nhttps://tonkosti.ru/Египет	36
200	Турция\nhttps://tonkosti.ru/Турция	36
201	Китай\nhttps://tonkosti.ru/Китай	36
202	Индонезия\nhttps://tonkosti.ru/Индонезия	36
203	Аргентина\nhttps://tonkosti.ru/Аргентина	36
204	Тунис\nhttps://tonkosti.ru/Тунис	36
205	Мадагаскар\nhttps://tonkosti.ru/Мадагаскар	36
206	Бразилия\nhttps://tonkosti.ru/Бразилия	36
\.


--
-- TOC entry 3062 (class 0 OID 16556)
-- Dependencies: 210
-- Data for Name: bot_user; Type: TABLE DATA; Schema: public; Owner: -
--

COPY public.bot_user (teleg_id, date_reg, user_name) FROM stdin;
ViRus_Ko	2022-10-12 23:36:50.583691+03	Александр Егоров
kikeyjindj	2022-10-13 00:12:41.292806+03	Vera Eremenko
qqhich	2022-10-15 18:01:39.732353+03	
Juryi_Nikolaevich	2022-11-30 10:05:38.328405+03	Юрий Н
\.


--
-- TOC entry 3052 (class 0 OID 16503)
-- Dependencies: 200
-- Data for Name: expert_system; Type: TABLE DATA; Schema: public; Owner: -
--

COPY public.expert_system (expert_system_id, title, owner_teleg_id) FROM stdin;
30	ЭС Туризм2	ViRus_Ko
31	Эс Выбор Игры2	ViRus_Ko
32	ЭС Туризм2	ViRus_Ko
33	Эс Туризм	ViRus_Ko
34	Эс Туризм	ViRus_Ko
35	ДЗ ЭС Туризм	ViRus_Ko
36	ЭС Туризм  Итоговое	ViRus_Ko
\.


--
-- TOC entry 3056 (class 0 OID 16525)
-- Dependencies: 204
-- Data for Name: keyboard; Type: TABLE DATA; Schema: public; Owner: -
--

COPY public.keyboard (keyboard_id, expert_system_id, question, order_kb) FROM stdin;
122	30	Каков ваш бюджет?	1
123	30	На сколько вы хотите поехать?	2
124	30	Любите Лыжи?	3
125	30	Любите Море?	4
126	30	Любите Жару?	5
127	30	Вам нравится западно-европейская культура?	6
128	31	Сколько вам лет?	1
129	31	У вас мощный компьютер?	2
130	31	Вы любите шутеры?	3
131	31	Игра должна быть киберспортивной дисциплиной?	4
132	31	Любите одиночную игру?	5
133	32	Каков ваш бюджет?	1
134	32	На сколько вы хотите поехать?	2
135	32	Любите Лыжи?	3
136	32	Любите Море?	4
137	32	Любите Жару?	5
138	32	Вам нравится западно-европейская культура?	6
139	33	1. Страна должна омываться морем или океаном?	1
140	33	2. В какое время года вы хотите ехать?	2
141	33	3. Вы любите жаркий климат?	3
142	33	4. В стране должен бывать снег?	4
143	33	5. Каков ваш бюджет на 7 дней?	5
144	33	6. Какую вы хотите посетить часть света?	6
145	33	7. В стране должны быть горы?	7
146	33	8. Хотите ли вы покататься на горных лыжах?	8
147	33	9. Хотите ли вы посещать музеи?	9
148	33	10. Это свадебное путешествие?	10
149	33	11. Страна должна быть экономически развитой?	11
150	33	12. Вы хотите заниматься дайвингом?	12
151	34	1. Страна должна омываться морем или океаном?	1
152	34	2. В какое время года вы хотите ехать?	2
153	34	3. Вы любите жаркий климат?	3
154	34	4. В стране должен бывать снег?	4
155	34	5. Каков ваш бюджет на 7 дней?	5
156	34	6. Какую вы хотите посетить часть света?	6
157	34	7. В стране должны быть горы?	7
158	34	8. Страна должна быть экономически развитой?	8
159	34	9. Хотите ли вы посещать музеи?	9
160	34	10. Это свадебное путешествие?	10
161	34	11. Хотите ли вы покататься на горных лыжах?	11
162	34	12. Вы хотите заниматься дайвингом?	12
163	34	13. Вы интересуетесь урбанистикой?	13
164	34	14. Вы хотите экзотики?	14
165	34	15. Отдых должен быть экстремальным?	15
166	34	16. Какая часть местного населения должна владеть английским?	16
167	34	17. Какая доминирующая в стране религия предпочтительней?	17
168	34	18. Готовы ли вы мириться с ограничением прав женщин в стране?	18
169	34	19. У Рф с этой страной должны быть дружеские отношения?	19
170	34	20. Страна должна быть популярной у туристов?	20
171	35	1. Страна должна омываться морем или океаном?	1
172	35	2. В какое время года вы хотите ехать?	2
173	35	3. Вы любите жаркий климат?	3
174	35	4. В стране должен бывать снег?	4
175	35	5. Каков ваш бюджет на 7 дней?	5
176	35	6. Какую вы хотите посетить часть света?	6
177	35	7. В стране должны быть горы?	7
178	35	8. Страна должна быть экономически развитой?	8
179	35	9. Хотите ли вы посещать музеи?	9
180	35	10. Это свадебное путешествие?	10
181	35	11. Хотите ли вы покататься на горных лыжах?	11
182	35	12. Вы хотите заниматься дайвингом?	12
183	35	13. Вы интересуетесь урбанистикой?	13
184	35	14. Вы хотите экзотики?	14
185	35	15. Отдых должен быть экстремальным?	15
186	35	16. Насколько должен быть развит уровень английского языка\n у местного населения?	16
187	35	17. Какая доминирующая в стране религия предпочтительней?	17
188	35	18. Готовы ли вы мириться с ограничением прав женского \nнаселения в стране?	18
189	35	19. У Рф с этой страной должны быть дружеские отношения?	19
190	35	20. Страна должна быть популярной у туристов?	20
191	36	1. Страна должна омываться морем или океаном?	1
192	36	2. В какое время года вы хотите ехать?	2
193	36	3. Вы любите жаркий климат?	3
194	36	4. В стране должен бывать снег?	4
195	36	5. Каков ваш бюджет на 7 дней?	5
196	36	6. Какую вы хотите посетить часть света?	6
197	36	7. В стране должны быть горы?	7
198	36	8. Страна должна быть экономически развитой?	8
199	36	9. Хотите ли вы посещать музеи?	9
200	36	10. Это свадебное путешествие?	10
201	36	11. Хотите ли вы покататься на горных лыжах?	11
202	36	12. Вы хотите заниматься дайвингом?	12
203	36	13. Вы интересуетесь урбанистикой?	13
204	36	14. Вы хотите экзотики?	14
205	36	15. Отдых должен быть экстремальным?	15
206	36	16. Насколько должен быть развит уровень английского языка\n у местного населения?	16
207	36	17. Какая доминирующая в стране религия предпочтительней?	17
208	36	18. Готовы ли вы мириться с ограничением прав женского \nнаселения в стране?	18
209	36	19. У Рф с этой страной должны быть дружеские отношения?	19
210	36	20. Страна должна быть популярной у туристов?	20
\.


--
-- TOC entry 3058 (class 0 OID 16536)
-- Dependencies: 206
-- Data for Name: response_option; Type: TABLE DATA; Schema: public; Owner: -
--

COPY public.response_option (response_option_id, keyboard_id, response) FROM stdin;
413	122	20-30 Тыс.Руб
414	122	30-50 Тыс.Руб
415	122	50-100 Тыс.Руб
416	122	> 100 Тыс.Руб
417	123	5-7 дней
418	123	7-14 дней
419	123	14-30 дней
420	124	Да
421	124	нет
422	125	Очень
423	125	Нейтрально
424	125	Не очень
425	125	Ненавижу
426	126	Очень
427	126	Нейтрально
428	126	Не очень
429	126	Ненавижу
430	127	Очень
431	127	Нейтрально
432	127	Не очень
433	127	Ненавижу
434	128	12-16
435	128	16-18
436	128	18-24
437	128	>24
438	129	Да
439	129	Нет
440	130	Очень
441	130	Нейтрально
442	130	Не очень
443	130	Ненавижу
444	131	Обязательно
445	131	Все равно
446	131	Не должна
447	132	Очень
448	132	Нейтрально
449	132	Не очень
450	132	Ненавижу
451	133	20-30 Тыс.Руб
452	133	30-50 Тыс.Руб
453	133	50-100 Тыс.Руб
454	133	> 100 Тыс.Руб
455	134	5-7 дней
456	134	7-14 дней
457	134	14-30 дней
458	135	Да
459	135	нет
460	136	Очень
461	136	Нейтрально
462	136	Не очень
463	136	Ненавижу
464	137	Очень
465	137	Нейтрально
466	137	Не очень
467	137	Ненавижу
468	138	Очень
469	138	Нейтрально
470	138	Не очень
471	138	Ненавижу
472	139	Обязательно
473	139	Желательно
474	139	Безразлично
475	139	Нежелательно
476	140	Лето
477	140	Осень
478	140	Зима
479	140	Весна
480	141	Очень
481	141	Скорее Да
482	141	Нейтрально
483	141	Не очень
484	142	Обязательно
485	142	Желательно
486	142	Безразлично
487	142	Не хотелось бы
488	143	20-30 Тыс.Руб
489	143	30-50 Тыс.Руб
490	143	50-100 Тыс.Руб
491	143	> 100 Тыс.Руб
492	144	Европа
493	144	Азия
494	144	Африка
495	144	Америка
496	144	Австралия
497	144	Все равно
498	145	Обязательно
499	145	Желательно
500	145	Безразлично
501	145	Не хотелось бы
502	146	Обязательно
503	146	Желательно
504	146	Возможно
505	146	Нет
506	147	Очень хочу
507	147	Хочу
508	147	Не хочу
509	148	Да
510	148	Нет
511	149	Обязательно
512	149	Желательно
513	149	Безразлично
514	149	Нежелательно
515	150	Обязательно
516	150	Желательно
517	150	Возможно
518	150	Нет
519	151	Обязательно
520	151	Желательно
521	151	Безразлично
522	151	Нежелательно
523	152	Лето
524	152	Осень
525	152	Зима
526	152	Весна
527	153	Очень
528	153	Скорее Да
529	153	Нейтрально
530	153	Не очень
531	154	Обязательно
532	154	Желательно
533	154	Безразлично
534	154	Не хотелось бы
535	155	20-30 Тыс.Руб
536	155	30-50 Тыс.Руб
537	155	50-100 Тыс.Руб
538	155	> 100 Тыс.Руб
539	156	Европа
540	156	Азия
541	156	Африка
542	156	Америка
543	156	Австралия
544	156	Все равно
545	157	Обязательно
546	157	Желательно
547	157	Безразлично
548	157	Не хотелось бы
549	158	Обязательно
550	158	Желательно
551	158	Безразлично
552	158	Нежелательно
553	159	Очень хочу
554	159	Хочу
555	159	Не хочу
556	160	Да
557	160	Нет
558	161	Обязательно
559	161	Желательно
560	161	Возможно
561	161	Нет
562	162	Обязательно
563	162	Желательно
564	162	Возможно
565	162	Нет
566	163	Да, это мое хобби
567	163	Интересуюсь
568	163	Нейтрально
569	163	Не интересно
570	164	Очень хочу
571	164	Хочу
572	164	Все равно
573	164	Нет
574	165	Обязательно
575	165	Желательно
576	165	Возможно
577	165	Нет
578	166	Подавляющее Большинство
579	166	Не меньше 1/2
580	166	Не меньше 1.4
581	166	Не больше 1/10
582	167	Христианство
583	167	Ислам
584	167	Буддизм
585	167	Все равно
586	168	Да
587	168	Нет
588	169	Обязательно
589	169	Желательно
590	169	Возможно
591	169	Нет
592	170	Обязательно
593	170	Желательно
594	170	Возможно
595	170	Нет
596	171	Обязательно
597	171	Желательно
598	171	Безразлично
599	171	Нежелательно
600	172	Лето
601	172	Осень
602	172	Зима
603	172	Весна
604	173	Очень
605	173	Скорее Да
606	173	Нейтрально
607	173	Не очень
608	174	Обязательно
609	174	Желательно
610	174	Безразлично
611	174	Не хотелось бы
612	175	20-30 Тыс.Руб
613	175	30-50 Тыс.Руб
614	175	50-100 Тыс.Руб
615	175	> 100 Тыс.Руб
616	176	Европа
617	176	Азия
618	176	Африка
619	176	Америка
620	176	Австралия
621	176	Все равно
622	177	Обязательно
623	177	Желательно
624	177	Безразлично
625	177	Не хотелось бы
626	178	Обязательно
627	178	Желательно
628	178	Безразлично
629	178	Нежелательно
630	179	Очень хочу
631	179	Хочу
632	179	Не хочу
633	180	Да
634	180	Нет
635	181	Обязательно
636	181	Желательно
637	181	Возможно
638	181	Нет
639	182	Обязательно
640	182	Желательно
641	182	Возможно
642	182	Нет
643	183	Да, это мое хобби
644	183	Интересуюсь
645	183	Нейтрально
646	183	Не люблю урбанизм
647	184	Очень хочу
648	184	Хочу
649	184	Все равно
650	184	Нет
651	185	Обязательно
652	185	Желательно
653	185	Возможно
654	185	Нет
655	186	Сильно развит
656	186	Не ниже среднего
657	186	Слабо развит
658	186	Все равно
659	187	Христианство
660	187	Ислам
661	187	Другие религии
662	187	Все равно
663	188	Да
664	188	Нет
665	189	Обязательно
666	189	Желательно
667	189	Возможно
668	189	Нет
669	190	Обязательно
670	190	Желательно
671	190	Все равно
672	190	Нет
673	191	Обязательно
674	191	Желательно
675	191	Безразлично
676	191	Нежелательно
677	192	Лето
678	192	Осень
679	192	Зима
680	192	Весна
681	193	Очень
682	193	Скорее Да
683	193	Нейтрально
684	193	Не очень
685	194	Обязательно
686	194	Желательно
687	194	Безразлично
688	194	Не хотелось бы
689	195	20-30 Тыс.Руб
690	195	30-50 Тыс.Руб
691	195	50-100 Тыс.Руб
692	195	> 100 Тыс.Руб
693	196	Европа
694	196	Азия
695	196	Африка
696	196	Америка
697	196	Австралия
698	196	Все равно
699	197	Обязательно
700	197	Желательно
701	197	Безразлично
702	197	Не хотелось бы
703	198	Обязательно
704	198	Желательно
705	198	Безразлично
706	198	Нежелательно
707	199	Очень хочу
708	199	Хочу
709	199	Не хочу
710	200	Да
711	200	Нет
712	201	Обязательно
713	201	Желательно
714	201	Возможно
715	201	Нет
716	202	Обязательно
717	202	Желательно
718	202	Возможно
719	202	Нет
720	203	Да, это мое хобби
721	203	Интересуюсь
722	203	Нейтрально
723	203	Не люблю урбанизм
724	204	Очень хочу
725	204	Хочу
726	204	Все равно
727	204	Нет
728	205	Обязательно
729	205	Желательно
730	205	Возможно
731	205	Нет
732	206	Сильно развит
733	206	Не ниже среднего
734	206	Слабо развит
735	206	Все равно
736	207	Христианство
737	207	Ислам
738	207	Другие религии
739	207	Все равно
740	208	Да
741	208	Нет
742	209	Обязательно
743	209	Желательно
744	209	Неважно
745	209	Нет
746	210	Обязательно
747	210	Желательно
748	210	Все равно
749	210	Нет
\.


--
-- TOC entry 3060 (class 0 OID 16547)
-- Dependencies: 208
-- Data for Name: response_option_alternative; Type: TABLE DATA; Schema: public; Owner: -
--

COPY public.response_option_alternative (response_option_alternative_id, response_option_id, alternative_id, value) FROM stdin;
1634	413	115	5
1635	413	116	-20
1636	413	117	5
1637	413	118	-15
1638	414	115	5
1639	414	116	0
1640	414	117	5
1641	414	118	0
1642	415	115	5
1643	415	116	5
1644	415	117	5
1645	415	118	5
1646	416	115	0
1647	416	116	8
1648	416	117	0
1649	416	118	7
1650	417	115	2
1651	417	116	2
1652	417	117	2
1653	417	118	2
1654	418	115	2
1655	418	116	2
1656	418	117	2
1657	418	118	2
1658	419	115	2
1659	419	116	2
1660	419	117	2
1661	419	118	2
1662	420	115	-2
1663	420	116	0
1664	420	117	-2
1665	420	118	2
1666	421	115	2
1667	421	116	0
1668	421	117	2
1669	421	118	0
1670	422	115	2
1671	422	116	1
1672	422	117	2
1673	422	118	1
1674	423	115	0
1675	423	116	0
1676	423	117	0
1677	423	118	0
1678	424	115	-1
1679	424	116	0
1680	424	117	-1
1681	424	118	0
1682	425	115	-2
1683	425	116	0
1684	425	117	-2
1685	425	118	0
1686	426	115	2
1687	426	116	0
1688	426	117	2
1689	426	118	0
1690	427	115	0
1691	427	116	0
1692	427	117	0
1693	427	118	0
1694	428	115	-1
1695	428	116	1
1696	428	117	-1
1697	428	118	1
1698	429	115	-2
1699	429	116	2
1700	429	117	-2
1701	429	118	2
1702	430	115	-2
1703	430	116	5
1704	430	117	-2
1705	430	118	3
1706	431	115	0
1707	431	116	0
1708	431	117	0
1709	431	118	0
1710	432	115	2
1711	432	116	-5
1712	432	117	2
1713	432	118	-3
1714	433	115	5
1715	433	116	-20
1716	433	117	5
1717	433	118	-15
1718	434	119	-10
1719	434	120	-10
1720	434	121	-10
1721	434	122	5
1722	435	119	5
1723	435	120	5
1724	435	121	-10
1725	435	122	-3
1726	436	119	5
1727	436	120	5
1728	436	121	5
1729	436	122	-5
1730	437	119	2
1731	437	120	3
1732	437	121	2
1733	437	122	-5
1734	438	119	2
1735	438	120	2
1736	438	121	5
1737	438	122	3
1738	439	119	3
1739	439	120	4
1740	439	121	-20
1741	439	122	3
1742	440	119	5
1743	440	120	-2
1744	440	121	3
1745	440	122	-4
1746	441	119	0
1747	441	120	0
1748	441	121	0
1749	441	122	0
1750	442	119	-2
1751	442	120	2
1752	442	121	-1
1753	442	122	2
1754	443	119	-20
1755	443	120	4
1756	443	121	-2
1757	443	122	2
1758	444	119	5
1759	444	120	5
1760	444	121	-10
1761	444	122	-10
1762	445	119	0
1763	445	120	0
1764	445	121	0
1765	445	122	0
1766	446	119	-10
1767	446	120	-10
1768	446	121	5
1769	446	122	5
1770	447	119	-2
1771	447	120	-2
1772	447	121	5
1773	447	122	5
1774	448	119	0
1775	448	120	0
1776	448	121	0
1777	448	122	0
1778	449	119	3
1779	449	120	3
1780	449	121	-2
1781	449	122	-2
1782	450	119	4
1783	450	120	4
1784	450	121	-5
1785	450	122	-5
1786	451	123	5
1787	451	124	-20
1788	451	125	5
1789	451	126	-15
1790	452	123	5
1791	452	124	0
1792	452	125	5
1793	452	126	0
1794	453	123	5
1795	453	124	5
1796	453	125	5
1797	453	126	5
1798	454	123	0
1799	454	124	8
1800	454	125	0
1801	454	126	7
1802	455	123	2
1803	455	124	2
1804	455	125	2
1805	455	126	2
1806	456	123	2
1807	456	124	2
1808	456	125	2
1809	456	126	2
1810	457	123	2
1811	457	124	2
1812	457	125	2
1813	457	126	2
1814	458	123	-2
1815	458	124	0
1816	458	125	-2
1817	458	126	2
1818	459	123	2
1819	459	124	0
1820	459	125	2
1821	459	126	0
1822	460	123	2
1823	460	124	1
1824	460	125	2
1825	460	126	1
1826	461	123	0
1827	461	124	0
1828	461	125	0
1829	461	126	0
1830	462	123	-1
1831	462	124	0
1832	462	125	-1
1833	462	126	0
1834	463	123	-2
1835	463	124	0
1836	463	125	-2
1837	463	126	0
1838	464	123	2
1839	464	124	0
1840	464	125	2
1841	464	126	0
1842	465	123	0
1843	465	124	0
1844	465	125	0
1845	465	126	0
1846	466	123	-1
1847	466	124	1
1848	466	125	-1
1849	466	126	1
1850	467	123	-2
1851	467	124	2
1852	467	125	-2
1853	467	126	2
1854	468	123	-2
1855	468	124	5
1856	468	125	-2
1857	468	126	3
1858	469	123	0
1859	469	124	0
1860	469	125	0
1861	469	126	0
1862	470	123	2
1863	470	124	-5
1864	470	125	2
1865	470	126	-3
1866	471	123	5
1867	471	124	-20
1868	471	125	5
1869	471	126	-15
1870	472	127	5
1871	472	128	5
1872	472	129	5
1873	472	130	5
1874	472	131	5
1875	472	132	-20
1876	472	133	5
1877	472	134	5
1878	472	135	5
1879	472	136	-20
1880	472	137	5
1881	472	138	5
1882	472	139	5
1883	472	140	5
1884	472	141	5
1885	472	142	5
1886	472	143	5
1887	472	144	5
1888	472	145	5
1889	472	146	5
1890	473	127	3
1891	473	128	3
1892	473	129	3
1893	473	130	3
1894	473	131	3
1895	473	132	-5
1896	473	133	3
1897	473	134	3
1898	473	135	3
1899	473	136	-5
1900	473	137	3
1901	473	138	3
1902	473	139	3
1903	473	140	3
1904	473	141	3
1905	473	142	3
1906	473	143	3
1907	473	144	3
1908	473	145	3
1909	473	146	3
1910	474	127	0
1911	474	128	0
1912	474	129	0
1913	474	130	0
1914	474	131	0
1915	474	132	0
1916	474	133	0
1917	474	134	0
1918	474	135	0
1919	474	136	0
1920	474	137	0
1921	474	138	0
1922	474	139	0
1923	474	140	0
1924	474	141	0
1925	474	142	0
1926	474	143	0
1927	474	144	0
1928	474	145	0
1929	474	146	0
1930	475	127	-5
1931	475	128	-5
1932	475	129	-5
1933	475	130	-5
1934	475	131	-5
1935	475	132	5
1936	475	133	-5
1937	475	134	-5
1938	475	135	-5
1939	475	136	5
1940	475	137	-5
1941	475	138	-5
1942	475	139	-5
1943	475	140	-5
1944	475	141	-5
1945	475	142	-5
1946	475	143	-5
1947	475	144	-5
1948	475	145	-5
1949	475	146	-5
1950	476	127	-3
1951	476	128	-5
1952	476	129	-5
1953	476	130	3
1954	476	131	-2
1955	476	132	2
1956	476	133	3
1957	476	134	-3
1958	476	135	3
1959	476	136	-5
1960	476	137	5
1961	476	138	5
1962	476	139	-5
1963	476	140	-5
1964	476	141	-5
1965	476	142	3
1966	476	143	-5
1967	476	144	5
1968	476	145	5
1969	476	146	-5
1970	477	127	3
1971	477	128	-1
1972	477	129	4
1973	477	130	3
1974	477	131	3
1975	477	132	-3
1976	477	133	1
1977	477	134	5
1978	477	135	1
1979	477	136	5
1980	477	137	3
1981	477	138	3
1982	477	139	5
1983	477	140	5
1984	477	141	-5
1985	477	142	-5
1986	477	143	3
1987	477	144	5
1988	477	145	5
1989	477	146	5
1990	478	127	-3
1991	478	128	5
1992	478	129	-5
1993	478	130	-2
1994	478	131	-2
1995	478	132	-3
1996	478	133	-5
1997	478	134	-3
1998	478	135	-5
1999	478	136	-5
2000	478	137	-5
2001	478	138	-5
2002	478	139	-5
2003	478	140	-5
2004	478	141	-5
2005	478	142	-5
2006	478	143	5
2007	478	144	-5
2008	478	145	-5
2009	478	146	-5
2010	479	127	3
2011	479	128	2
2012	479	129	4
2013	479	130	-2
2014	479	131	3
2015	479	132	2
2016	479	133	1
2017	479	134	5
2018	479	135	-5
2019	479	136	5
2020	479	137	-5
2021	479	138	-5
2022	479	139	3
2023	479	140	5
2024	479	141	5
2025	479	142	4
2026	479	143	3
2027	479	144	5
2028	479	145	-5
2029	479	146	-5
2030	480	127	3
2031	480	128	5
2032	480	129	5
2033	480	130	-5
2034	480	131	3
2035	480	132	-3
2036	480	133	-3
2037	480	134	4
2038	480	135	4
2039	480	136	-5
2040	480	137	5
2041	480	138	5
2042	480	139	5
2043	480	140	5
2044	480	141	-5
2045	480	142	5
2046	480	143	5
2047	480	144	5
2048	480	145	5
2049	480	146	5
2050	481	127	4
2051	481	128	4
2052	481	129	4
2053	481	130	-4
2054	481	131	3
2055	481	132	-2
2056	481	133	-2
2057	481	134	3
2058	481	135	3
2059	481	136	-4
2060	481	137	4
2061	481	138	4
2062	481	139	4
2063	481	140	4
2064	481	141	-4
2065	481	142	4
2066	481	143	4
2067	481	144	4
2068	481	145	4
2069	481	146	4
2070	482	127	0
2071	482	128	0
2072	482	129	0
2073	482	130	0
2074	482	131	0
2075	482	132	0
2076	482	133	0
2077	482	134	0
2078	482	135	0
2079	482	136	0
2080	482	137	0
2081	482	138	0
2082	482	139	0
2083	482	140	0
2084	482	141	0
2085	482	142	0
2086	482	143	0
2087	482	144	0
2088	482	145	0
2089	482	146	0
2090	483	127	-3
2091	483	128	-5
2092	483	129	-5
2093	483	130	5
2094	483	131	-3
2095	483	132	3
2096	483	133	3
2097	483	134	-4
2098	483	135	-4
2099	483	136	5
2100	483	137	-5
2101	483	138	-5
2102	483	139	-5
2103	483	140	-5
2104	483	141	5
2105	483	142	-5
2106	483	143	-5
2107	483	144	-5
2108	483	145	-5
2109	483	146	-5
2110	484	127	3
2111	484	128	-20
2112	484	129	-20
2113	484	130	3
2114	484	131	5
2115	484	132	5
2116	484	133	5
2117	484	134	3
2118	484	135	5
2119	484	136	5
2120	484	137	-20
2121	484	138	-20
2122	484	139	-20
2123	484	140	-20
2124	484	141	-3
2125	484	142	-20
2126	484	143	-20
2127	484	144	-20
2128	484	145	-20
2129	484	146	-20
2130	485	127	3
2131	485	128	-5
2132	485	129	-5
2133	485	130	3
2134	485	131	5
2135	485	132	5
2136	485	133	5
2137	485	134	3
2138	485	135	5
2139	485	136	5
2140	485	137	-5
2141	485	138	-5
2142	485	139	-5
2143	485	140	-5
2144	485	141	0
2145	485	142	-5
2146	485	143	-5
2147	485	144	-5
2148	485	145	-5
2149	485	146	-5
2150	486	127	0
2151	486	128	0
2152	486	129	0
2153	486	130	0
2154	486	131	0
2155	486	132	0
2156	486	133	0
2157	486	134	0
2158	486	135	0
2159	486	136	0
2160	486	137	0
2161	486	138	0
2162	486	139	0
2163	486	140	0
2164	486	141	0
2165	486	142	0
2166	486	143	0
2167	486	144	0
2168	486	145	0
2169	486	146	0
2170	487	127	-3
2171	487	128	5
2172	487	129	5
2173	487	130	-3
2174	487	131	-20
2175	487	132	-20
2176	487	133	-20
2177	487	134	-3
2178	487	135	-20
2179	487	136	-20
2180	487	137	5
2181	487	138	5
2182	487	139	5
2183	487	140	5
2184	487	141	3
2185	487	142	5
2186	487	143	5
2187	487	144	5
2188	487	145	5
2189	487	146	5
2190	488	127	-20
2191	488	128	3
2192	488	129	-20
2193	488	130	-20
2194	488	131	-20
2195	488	132	-5
2196	488	133	-20
2197	488	134	-20
2198	488	135	-20
2199	488	136	-5
2200	488	137	2
2201	488	138	1
2202	488	139	3
2203	488	140	3
2204	488	141	2
2205	488	142	5
2206	488	143	3
2207	488	144	-3
2208	488	145	-2
2209	488	146	2
2210	489	127	-5
2211	489	128	4
2212	489	129	-5
2213	489	130	-5
2214	489	131	-5
2215	489	132	3
2216	489	133	-5
2217	489	134	-5
2218	489	135	-5
2219	489	136	-5
2220	489	137	5
2221	489	138	5
2222	489	139	5
2223	489	140	5
2224	489	141	5
2225	489	142	5
2226	489	143	5
2227	489	144	5
2228	489	145	3
2229	489	146	4
2230	490	127	5
2231	490	128	-3
2232	490	129	5
2233	490	130	5
2234	490	131	5
2235	490	132	5
2236	490	133	5
2237	490	134	5
2238	490	135	5
2239	490	136	5
2240	490	137	3
2241	490	138	4
2242	490	139	3
2243	490	140	3
2244	490	141	5
2245	490	142	5
2246	490	143	5
2247	490	144	3
2248	490	145	5
2249	490	146	3
2250	491	127	5
2251	491	128	-5
2252	491	129	5
2253	491	130	5
2254	491	131	5
2255	491	132	3
2256	491	133	5
2257	491	134	5
2258	491	135	5
2259	491	136	3
2260	491	137	3
2261	491	138	-3
2262	491	139	-5
2263	491	140	-5
2264	491	141	3
2265	491	142	-3
2266	491	143	-3
2267	491	144	-3
2268	491	145	-3
2269	491	146	-5
2270	492	127	-20
2271	492	128	-20
2272	492	129	-20
2273	492	130	5
2274	492	131	5
2275	492	132	5
2276	492	133	5
2277	492	134	5
2278	492	135	5
2279	492	136	5
2280	492	137	5
2281	492	138	5
2282	492	139	-20
2283	492	140	-5
2284	492	141	-20
2285	492	142	-20
2286	492	143	-20
2287	492	144	-20
2288	492	145	-20
2289	492	146	-20
2290	493	127	-20
2291	493	128	-20
2292	493	129	-20
2293	493	130	-20
2294	493	131	-20
2295	493	132	-20
2296	493	133	-20
2297	493	134	-20
2298	493	135	-20
2299	493	136	-20
2300	493	137	-20
2301	493	138	-20
2302	493	139	5
2303	493	140	5
2304	493	141	5
2305	493	142	5
2306	493	143	-20
2307	493	144	-20
2308	493	145	-20
2309	493	146	-20
2310	494	127	-20
2311	494	128	-20
2312	494	129	-20
2313	494	130	-20
2314	494	131	-20
2315	494	132	-20
2316	494	133	-20
2317	494	134	-20
2318	494	135	-20
2319	494	136	-20
2320	494	137	-20
2321	494	138	-20
2322	494	139	5
2323	494	140	-20
2324	494	141	-20
2325	494	142	-20
2326	494	143	-20
2327	494	144	5
2328	494	145	5
2329	494	146	-20
2330	495	127	5
2331	495	128	5
2332	495	129	-20
2333	495	130	-20
2334	495	131	-20
2335	495	132	-20
2336	495	133	-20
2337	495	134	-20
2338	495	135	-20
2339	495	136	-20
2340	495	137	-20
2341	495	138	-20
2342	495	139	-20
2343	495	140	-20
2344	495	141	-20
2345	495	142	-20
2346	495	143	5
2347	495	144	-20
2348	495	145	-20
2349	495	146	5
2350	496	127	-20
2351	496	128	-20
2352	496	129	5
2353	496	130	-20
2354	496	131	-20
2355	496	132	-20
2356	496	133	-20
2357	496	134	-20
2358	496	135	-20
2359	496	136	-20
2360	496	137	-20
2361	496	138	-20
2362	496	139	-20
2363	496	140	-20
2364	496	141	-20
2365	496	142	-20
2366	496	143	-20
2367	496	144	-20
2368	496	145	-20
2369	496	146	-20
2370	497	127	0
2371	497	128	0
2372	497	129	0
2373	497	130	0
2374	497	131	0
2375	497	132	0
2376	497	133	0
2377	497	134	0
2378	497	135	0
2379	497	136	0
2380	497	137	0
2381	497	138	0
2382	497	139	0
2383	497	140	0
2384	497	141	0
2385	497	142	0
2386	497	143	0
2387	497	144	0
2388	497	145	0
2389	497	146	0
2390	519	147	5
2391	519	148	5
2392	519	149	5
2393	519	150	5
2394	519	151	5
2395	519	152	-20
2396	519	153	5
2397	519	154	5
2398	519	155	5
2399	519	156	-20
2400	519	157	5
2401	519	158	5
2402	519	159	5
2403	519	160	5
2404	519	161	5
2405	519	162	5
2406	519	163	5
2407	519	164	5
2408	519	165	5
2409	519	166	5
2410	520	147	3
2411	520	148	3
2412	520	149	3
2413	520	150	3
2414	520	151	3
2415	520	152	-5
2416	520	153	3
2417	520	154	3
2418	520	155	3
2419	520	156	-5
2420	520	157	3
2421	520	158	3
2422	520	159	3
2423	520	160	3
2424	520	161	3
2425	520	162	3
2426	520	163	3
2427	520	164	3
2428	520	165	3
2429	520	166	3
2430	521	147	0
2431	521	148	0
2432	521	149	0
2433	521	150	0
2434	521	151	0
2435	521	152	0
2436	521	153	0
2437	521	154	0
2438	521	155	0
2439	521	156	0
2440	521	157	0
2441	521	158	0
2442	521	159	0
2443	521	160	0
2444	521	161	0
2445	521	162	0
2446	521	163	0
2447	521	164	0
2448	521	165	0
2449	521	166	0
2450	522	147	-5
2451	522	148	-5
2452	522	149	-5
2453	522	150	-5
2454	522	151	-5
2455	522	152	5
2456	522	153	-5
2457	522	154	-5
2458	522	155	-5
2459	522	156	5
2460	522	157	-5
2461	522	158	-5
2462	522	159	-5
2463	522	160	-5
2464	522	161	-5
2465	522	162	-5
2466	522	163	-5
2467	522	164	-5
2468	522	165	-5
2469	522	166	-5
2470	523	147	-3
2471	523	148	-5
2472	523	149	-5
2473	523	150	3
2474	523	151	-2
2475	523	152	2
2476	523	153	3
2477	523	154	-3
2478	523	155	3
2479	523	156	-5
2480	523	157	5
2481	523	158	5
2482	523	159	-5
2483	523	160	-5
2484	523	161	-5
2485	523	162	3
2486	523	163	-5
2487	523	164	5
2488	523	165	5
2489	523	166	-5
2490	524	147	3
2491	524	148	-1
2492	524	149	4
2493	524	150	3
2494	524	151	3
2495	524	152	-3
2496	524	153	1
2497	524	154	5
2498	524	155	1
2499	524	156	5
2500	524	157	3
2501	524	158	3
2502	524	159	5
2503	524	160	5
2504	524	161	-5
2505	524	162	-5
2506	524	163	3
2507	524	164	5
2508	524	165	5
2509	524	166	5
2510	525	147	-3
2511	525	148	5
2512	525	149	-5
2513	525	150	-2
2514	525	151	-2
2515	525	152	-3
2516	525	153	-5
2517	525	154	-3
2518	525	155	-5
2519	525	156	-5
2520	525	157	-5
2521	525	158	-5
2522	525	159	-5
2523	525	160	-5
2524	525	161	-5
2525	525	162	-5
2526	525	163	5
2527	525	164	-5
2528	525	165	-5
2529	525	166	-5
2530	526	147	3
2531	526	148	2
2532	526	149	4
2533	526	150	-2
2534	526	151	3
2535	526	152	2
2536	526	153	1
2537	526	154	5
2538	526	155	-5
2539	526	156	5
2540	526	157	-5
2541	526	158	-5
2542	526	159	3
2543	526	160	5
2544	526	161	5
2545	526	162	4
2546	526	163	3
2547	526	164	5
2548	526	165	-5
2549	526	166	-5
2550	527	147	3
2551	527	148	5
2552	527	149	5
2553	527	150	-5
2554	527	151	3
2555	527	152	-3
2556	527	153	-3
2557	527	154	4
2558	527	155	4
2559	527	156	-5
2560	527	157	5
2561	527	158	5
2562	527	159	5
2563	527	160	5
2564	527	161	-5
2565	527	162	5
2566	527	163	5
2567	527	164	5
2568	527	165	5
2569	527	166	5
2570	528	147	4
2571	528	148	4
2572	528	149	4
2573	528	150	-4
2574	528	151	3
2575	528	152	-2
2576	528	153	-2
2577	528	154	3
2578	528	155	3
2579	528	156	-4
2580	528	157	4
2581	528	158	4
2582	528	159	4
2583	528	160	4
2584	528	161	-4
2585	528	162	4
2586	528	163	4
2587	528	164	4
2588	528	165	4
2589	528	166	4
2590	529	147	0
2591	529	148	0
2592	529	149	0
2593	529	150	0
2594	529	151	0
2595	529	152	0
2596	529	153	0
2597	529	154	0
2598	529	155	0
2599	529	156	0
2600	529	157	0
2601	529	158	0
2602	529	159	0
2603	529	160	0
2604	529	161	0
2605	529	162	0
2606	529	163	0
2607	529	164	0
2608	529	165	0
2609	529	166	0
2610	530	147	-3
2611	530	148	-5
2612	530	149	-5
2613	530	150	5
2614	530	151	-3
2615	530	152	3
2616	530	153	3
2617	530	154	-4
2618	530	155	-4
2619	530	156	5
2620	530	157	-5
2621	530	158	-5
2622	530	159	-5
2623	530	160	-5
2624	530	161	5
2625	530	162	-5
2626	530	163	-5
2627	530	164	-5
2628	530	165	-5
2629	530	166	-5
2630	531	147	3
2631	531	148	-20
2632	531	149	-20
2633	531	150	3
2634	531	151	5
2635	531	152	5
2636	531	153	5
2637	531	154	3
2638	531	155	5
2639	531	156	5
2640	531	157	-20
2641	531	158	-20
2642	531	159	-20
2643	531	160	-20
2644	531	161	-3
2645	531	162	-20
2646	531	163	-20
2647	531	164	-20
2648	531	165	-20
2649	531	166	-20
2650	532	147	3
2651	532	148	-5
2652	532	149	-5
2653	532	150	3
2654	532	151	5
2655	532	152	5
2656	532	153	5
2657	532	154	3
2658	532	155	5
2659	532	156	5
2660	532	157	-5
2661	532	158	-5
2662	532	159	-5
2663	532	160	-5
2664	532	161	0
2665	532	162	-5
2666	532	163	-5
2667	532	164	-5
2668	532	165	-5
2669	532	166	-5
2670	533	147	0
2671	533	148	0
2672	533	149	0
2673	533	150	0
2674	533	151	0
2675	533	152	0
2676	533	153	0
2677	533	154	0
2678	533	155	0
2679	533	156	0
2680	533	157	0
2681	533	158	0
2682	533	159	0
2683	533	160	0
2684	533	161	0
2685	533	162	0
2686	533	163	0
2687	533	164	0
2688	533	165	0
2689	533	166	0
2690	534	147	-3
2691	534	148	5
2692	534	149	5
2693	534	150	-3
2694	534	151	-20
2695	534	152	-20
2696	534	153	-20
2697	534	154	-3
2698	534	155	-20
2699	534	156	-20
2700	534	157	5
2701	534	158	5
2702	534	159	5
2703	534	160	5
2704	534	161	3
2705	534	162	5
2706	534	163	5
2707	534	164	5
2708	534	165	5
2709	534	166	5
2710	535	147	-20
2711	535	148	3
2712	535	149	-20
2713	535	150	-20
2714	535	151	-20
2715	535	152	-5
2716	535	153	-20
2717	535	154	-20
2718	535	155	-20
2719	535	156	-5
2720	535	157	2
2721	535	158	1
2722	535	159	3
2723	535	160	3
2724	535	161	2
2725	535	162	5
2726	535	163	3
2727	535	164	-3
2728	535	165	-2
2729	535	166	2
2730	536	147	-5
2731	536	148	4
2732	536	149	-5
2733	536	150	-5
2734	536	151	-5
2735	536	152	3
2736	536	153	-5
2737	536	154	-5
2738	536	155	-5
2739	536	156	-5
2740	536	157	5
2741	536	158	5
2742	536	159	5
2743	536	160	5
2744	536	161	5
2745	536	162	5
2746	536	163	5
2747	536	164	5
2748	536	165	3
2749	536	166	4
2750	537	147	5
2751	537	148	-3
2752	537	149	5
2753	537	150	5
2754	537	151	5
2755	537	152	5
2756	537	153	5
2757	537	154	5
2758	537	155	5
2759	537	156	5
2760	537	157	3
2761	537	158	4
2762	537	159	3
2763	537	160	3
2764	537	161	5
2765	537	162	5
2766	537	163	5
2767	537	164	3
2768	537	165	5
2769	537	166	3
2770	538	147	5
2771	538	148	-5
2772	538	149	5
2773	538	150	5
2774	538	151	5
2775	538	152	3
2776	538	153	5
2777	538	154	5
2778	538	155	5
2779	538	156	3
2780	538	157	3
2781	538	158	-3
2782	538	159	-5
2783	538	160	-5
2784	538	161	3
2785	538	162	-3
2786	538	163	-3
2787	538	164	-3
2788	538	165	-3
2789	538	166	-5
2790	539	147	-20
2791	539	148	-20
2792	539	149	-20
2793	539	150	5
2794	539	151	5
2795	539	152	5
2796	539	153	5
2797	539	154	5
2798	539	155	5
2799	539	156	5
2800	539	157	5
2801	539	158	5
2802	539	159	-20
2803	539	160	-5
2804	539	161	-20
2805	539	162	-20
2806	539	163	-20
2807	539	164	-20
2808	539	165	-20
2809	539	166	-20
2810	540	147	-20
2811	540	148	-20
2812	540	149	-20
2813	540	150	-20
2814	540	151	-20
2815	540	152	-20
2816	540	153	-20
2817	540	154	-20
2818	540	155	-20
2819	540	156	-20
2820	540	157	-20
2821	540	158	-20
2822	540	159	5
2823	540	160	5
2824	540	161	5
2825	540	162	5
2826	540	163	-20
2827	540	164	-20
2828	540	165	-20
2829	540	166	-20
2830	541	147	-20
2831	541	148	-20
2832	541	149	-20
2833	541	150	-20
2834	541	151	-20
2835	541	152	-20
2836	541	153	-20
2837	541	154	-20
2838	541	155	-20
2839	541	156	-20
2840	541	157	-20
2841	541	158	-20
2842	541	159	5
2843	541	160	-20
2844	541	161	-20
2845	541	162	-20
2846	541	163	-20
2847	541	164	5
2848	541	165	5
2849	541	166	-20
2850	542	147	5
2851	542	148	5
2852	542	149	-20
2853	542	150	-20
2854	542	151	-20
2855	542	152	-20
2856	542	153	-20
2857	542	154	-20
2858	542	155	-20
2859	542	156	-20
2860	542	157	-20
2861	542	158	-20
2862	542	159	-20
2863	542	160	-20
2864	542	161	-20
2865	542	162	-20
2866	542	163	5
2867	542	164	-20
2868	542	165	-20
2869	542	166	5
2870	543	147	-20
2871	543	148	-20
2872	543	149	5
2873	543	150	-20
2874	543	151	-20
2875	543	152	-20
2876	543	153	-20
2877	543	154	-20
2878	543	155	-20
2879	543	156	-20
2880	543	157	-20
2881	543	158	-20
2882	543	159	-20
2883	543	160	-20
2884	543	161	-20
2885	543	162	-20
2886	543	163	-20
2887	543	164	-20
2888	543	165	-20
2889	543	166	-20
2890	544	147	0
2891	544	148	0
2892	544	149	0
2893	544	150	0
2894	544	151	0
2895	544	152	0
2896	544	153	0
2897	544	154	0
2898	544	155	0
2899	544	156	0
2900	544	157	0
2901	544	158	0
2902	544	159	0
2903	544	160	0
2904	544	161	0
2905	544	162	0
2906	544	163	0
2907	544	164	0
2908	544	165	0
2909	544	166	0
2910	575	147	3
2911	596	167	5
2912	596	168	5
2913	596	169	5
2914	596	170	5
2915	596	171	5
2916	596	172	-20
2917	596	173	5
2918	596	174	5
2919	596	175	5
2920	596	176	-20
2921	596	177	5
2922	596	178	5
2923	596	179	5
2924	596	180	5
2925	596	181	5
2926	596	182	5
2927	596	183	5
2928	596	184	5
2929	596	185	5
2930	596	186	5
2931	597	167	3
2932	597	168	3
2933	597	169	3
2934	597	170	3
2935	597	171	3
2936	597	172	-5
2937	597	173	3
2938	597	174	3
2939	597	175	3
2940	597	176	-5
2941	597	177	3
2942	597	178	3
2943	597	179	3
2944	597	180	3
2945	597	181	3
2946	597	182	3
2947	597	183	3
2948	597	184	3
2949	597	185	3
2950	597	186	3
2951	598	167	0
2952	598	168	0
2953	598	169	0
2954	598	170	0
2955	598	171	0
2956	598	172	0
2957	598	173	0
2958	598	174	0
2959	598	175	0
2960	598	176	0
2961	598	177	0
2962	598	178	0
2963	598	179	0
2964	598	180	0
2965	598	181	0
2966	598	182	0
2967	598	183	0
2968	598	184	0
2969	598	185	0
2970	598	186	0
2971	599	167	-5
2972	599	168	-5
2973	599	169	-5
2974	599	170	-5
2975	599	171	-5
2976	599	172	5
2977	599	173	-5
2978	599	174	-5
2979	599	175	-5
2980	599	176	5
2981	599	177	-5
2982	599	178	-5
2983	599	179	-5
2984	599	180	-5
2985	599	181	-5
2986	599	182	-5
2987	599	183	-5
2988	599	184	-5
2989	599	185	-5
2990	599	186	-5
2991	600	167	-3
2992	600	168	-5
2993	600	169	-5
2994	600	170	3
2995	600	171	-2
2996	600	172	2
2997	600	173	3
2998	600	174	-3
2999	600	175	3
3000	600	176	-5
3001	600	177	5
3002	600	178	5
3003	600	179	5
3004	600	180	5
3005	600	181	-5
3006	600	182	3
3007	600	183	-5
3008	600	184	5
3009	600	185	5
3010	600	186	-5
3011	601	167	3
3012	601	168	-1
3013	601	169	4
3014	601	170	3
3015	601	171	3
3016	601	172	-3
3017	601	173	1
3018	601	174	5
3019	601	175	1
3020	601	176	5
3021	601	177	3
3022	601	178	3
3023	601	179	5
3024	601	180	5
3025	601	181	-5
3026	601	182	-5
3027	601	183	3
3028	601	184	5
3029	601	185	5
3030	601	186	5
3031	602	167	-3
3032	602	168	5
3033	602	169	5
3034	602	170	-2
3035	602	171	-2
3036	602	172	-3
3037	602	173	-5
3038	602	174	-3
3039	602	175	-5
3040	602	176	-5
3041	602	177	-5
3042	602	178	-5
3043	602	179	5
3044	602	180	5
3045	602	181	-5
3046	602	182	-5
3047	602	183	5
3048	602	184	5
3049	602	185	-5
3050	602	186	-5
3051	603	167	3
3052	603	168	2
3053	603	169	4
3054	603	170	-2
3055	603	171	3
3056	603	172	2
3057	603	173	1
3058	603	174	5
3059	603	175	-5
3060	603	176	5
3061	603	177	-5
3062	603	178	-5
3063	603	179	3
3064	603	180	5
3065	603	181	5
3066	603	182	4
3067	603	183	3
3068	603	184	5
3069	603	185	-5
3070	603	186	-5
3071	604	167	3
3072	604	168	5
3073	604	169	5
3074	604	170	-5
3075	604	171	3
3076	604	172	-3
3077	604	173	-3
3078	604	174	4
3079	604	175	4
3080	604	176	-5
3081	604	177	5
3082	604	178	5
3083	604	179	5
3084	604	180	5
3085	604	181	-5
3086	604	182	5
3087	604	183	5
3088	604	184	5
3089	604	185	5
3090	604	186	5
3091	605	167	4
3092	605	168	4
3093	605	169	4
3094	605	170	-4
3095	605	171	3
3096	605	172	-2
3097	605	173	-2
3098	605	174	3
3099	605	175	3
3100	605	176	-4
3101	605	177	4
3102	605	178	4
3103	605	179	4
3104	605	180	4
3105	605	181	-4
3106	605	182	4
3107	605	183	4
3108	605	184	4
3109	605	185	4
3110	605	186	4
3111	606	167	0
3112	606	168	0
3113	606	169	0
3114	606	170	0
3115	606	171	0
3116	606	172	0
3117	606	173	0
3118	606	174	0
3119	606	175	0
3120	606	176	0
3121	606	177	0
3122	606	178	0
3123	606	179	0
3124	606	180	0
3125	606	181	0
3126	606	182	0
3127	606	183	0
3128	606	184	0
3129	606	185	0
3130	606	186	0
3131	607	167	-3
3132	607	168	-5
3133	607	169	-5
3134	607	170	5
3135	607	171	-3
3136	607	172	3
3137	607	173	3
3138	607	174	-4
3139	607	175	-4
3140	607	176	5
3141	607	177	-5
3142	607	178	-5
3143	607	179	-5
3144	607	180	-5
3145	607	181	5
3146	607	182	-5
3147	607	183	-5
3148	607	184	-5
3149	607	185	-5
3150	607	186	-5
3151	608	167	3
3152	608	168	-20
3153	608	169	-20
3154	608	170	3
3155	608	171	5
3156	608	172	5
3157	608	173	5
3158	608	174	3
3159	608	175	5
3160	608	176	5
3161	608	177	-20
3162	608	178	-20
3163	608	179	-20
3164	608	180	-20
3165	608	181	-3
3166	608	182	-20
3167	608	183	-20
3168	608	184	-20
3169	608	185	-20
3170	608	186	-20
3171	609	167	3
3172	609	168	-5
3173	609	169	-5
3174	609	170	3
3175	609	171	5
3176	609	172	5
3177	609	173	5
3178	609	174	3
3179	609	175	5
3180	609	176	5
3181	609	177	-5
3182	609	178	-5
3183	609	179	-5
3184	609	180	-5
3185	609	181	0
3186	609	182	-5
3187	609	183	-5
3188	609	184	-5
3189	609	185	-5
3190	609	186	-5
3191	610	167	0
3192	610	168	0
3193	610	169	0
3194	610	170	0
3195	610	171	0
3196	610	172	0
3197	610	173	0
3198	610	174	0
3199	610	175	0
3200	610	176	0
3201	610	177	0
3202	610	178	0
3203	610	179	0
3204	610	180	0
3205	610	181	0
3206	610	182	0
3207	610	183	0
3208	610	184	0
3209	610	185	0
3210	610	186	0
3211	611	167	-3
3212	611	168	5
3213	611	169	5
3214	611	170	-3
3215	611	171	-20
3216	611	172	-20
3217	611	173	-20
3218	611	174	-3
3219	611	175	-20
3220	611	176	-20
3221	611	177	5
3222	611	178	5
3223	611	179	5
3224	611	180	5
3225	611	181	3
3226	611	182	5
3227	611	183	5
3228	611	184	5
3229	611	185	5
3230	611	186	5
3231	612	167	-20
3232	612	168	3
3233	612	169	-20
3234	612	170	-20
3235	612	171	-20
3236	612	172	-5
3237	612	173	-20
3238	612	174	-20
3239	612	175	-20
3240	612	176	-5
3241	612	177	2
3242	612	178	1
3243	612	179	3
3244	612	180	3
3245	612	181	2
3246	612	182	5
3247	612	183	3
3248	612	184	-3
3249	612	185	-3
3250	612	186	2
3251	613	167	-5
3252	613	168	4
3253	613	169	-5
3254	613	170	-5
3255	613	171	-5
3256	613	172	3
3257	613	173	-5
3258	613	174	-5
3259	613	175	-5
3260	613	176	-5
3261	613	177	5
3262	613	178	5
3263	613	179	5
3264	613	180	5
3265	613	181	5
3266	613	182	5
3267	613	183	5
3268	613	184	5
3269	613	185	3
3270	613	186	4
3271	614	167	5
3272	614	168	-3
3273	614	169	5
3274	614	170	5
3275	614	171	5
3276	614	172	5
3277	614	173	5
3278	614	174	5
3279	614	175	5
3280	614	176	5
3281	614	177	3
3282	614	178	4
3283	614	179	3
3284	614	180	3
3285	614	181	5
3286	614	182	5
3287	614	183	5
3288	614	184	3
3289	614	185	5
3290	614	186	3
3291	615	167	5
3292	615	168	-5
3293	615	169	5
3294	615	170	5
3295	615	171	5
3296	615	172	3
3297	615	173	5
3298	615	174	5
3299	615	175	5
3300	615	176	3
3301	615	177	3
3302	615	178	-3
3303	615	179	-5
3304	615	180	-5
3305	615	181	3
3306	615	182	-3
3307	615	183	-3
3308	615	184	-3
3309	615	185	-3
3310	615	186	-5
3311	616	167	-20
3312	616	168	-20
3313	616	169	-20
3314	616	170	5
3315	616	171	5
3316	616	172	5
3317	616	173	5
3318	616	174	5
3319	616	175	5
3320	616	176	5
3321	616	177	5
3322	616	178	5
3323	616	179	-20
3324	616	180	-5
3325	616	181	-20
3326	616	182	-20
3327	616	183	-20
3328	616	184	-20
3329	616	185	-20
3330	616	186	-20
3331	617	167	-20
3332	617	168	-20
3333	617	169	-20
3334	617	170	-20
3335	617	171	-20
3336	617	172	-20
3337	617	173	-20
3338	617	174	-20
3339	617	175	-20
3340	617	176	-20
3341	617	177	-20
3342	617	178	-20
3343	617	179	5
3344	617	180	5
3345	617	181	5
3346	617	182	5
3347	617	183	-20
3348	617	184	-20
3349	617	185	-20
3350	617	186	-20
3351	618	167	-20
3352	618	168	-20
3353	618	169	-20
3354	618	170	-20
3355	618	171	-20
3356	618	172	-20
3357	618	173	-20
3358	618	174	-20
3359	618	175	-20
3360	618	176	-20
3361	618	177	-20
3362	618	178	-20
3363	618	179	5
3364	618	180	-20
3365	618	181	-20
3366	618	182	-20
3367	618	183	-20
3368	618	184	5
3369	618	185	5
3370	618	186	-20
3371	619	167	5
3372	619	168	5
3373	619	169	-20
3374	619	170	-20
3375	619	171	-20
3376	619	172	-20
3377	619	173	-20
3378	619	174	-20
3379	619	175	-20
3380	619	176	-20
3381	619	177	-20
3382	619	178	-20
3383	619	179	-20
3384	619	180	-20
3385	619	181	-20
3386	619	182	-20
3387	619	183	5
3388	619	184	-20
3389	619	185	-20
3390	619	186	5
3391	620	167	-20
3392	620	168	-20
3393	620	169	5
3394	620	170	-20
3395	620	171	-20
3396	620	172	-20
3397	620	173	-20
3398	620	174	-20
3399	620	175	-20
3400	620	176	-20
3401	620	177	-20
3402	620	178	-20
3403	620	179	-20
3404	620	180	-20
3405	620	181	-20
3406	620	182	-20
3407	620	183	-20
3408	620	184	-20
3409	620	185	-20
3410	620	186	-20
3411	621	167	0
3412	621	168	0
3413	621	169	0
3414	621	170	0
3415	621	171	0
3416	621	172	0
3417	621	173	0
3418	621	174	0
3419	621	175	0
3420	621	176	0
3421	621	177	0
3422	621	178	0
3423	621	179	0
3424	621	180	0
3425	621	181	0
3426	621	182	0
3427	621	183	0
3428	621	184	0
3429	621	185	0
3430	621	186	0
3431	622	167	5
3432	622	168	5
3433	622	169	5
3434	622	170	-20
3435	622	171	5
3436	622	172	-20
3437	622	173	5
3438	622	174	5
3439	622	175	5
3440	622	176	-20
3441	622	177	5
3442	622	178	5
3443	622	179	5
3444	622	180	5
3445	622	181	5
3446	622	182	5
3447	622	183	5
3448	622	184	-20
3449	622	185	-20
3450	622	186	5
3451	623	167	3
3452	623	168	3
3453	623	169	3
3454	623	170	-3
3455	623	171	3
3456	623	172	-3
3457	623	173	3
3458	623	174	3
3459	623	175	3
3460	623	176	-3
3461	623	177	3
3462	623	178	3
3463	623	179	3
3464	623	180	3
3465	623	181	3
3466	623	182	3
3467	623	183	3
3468	623	184	-3
3469	623	185	-3
3470	623	186	3
3471	624	167	0
3472	624	168	0
3473	624	169	0
3474	624	170	0
3475	624	171	0
3476	624	172	0
3477	624	173	0
3478	624	174	0
3479	624	175	0
3480	624	176	0
3481	624	177	0
3482	624	178	0
3483	624	179	0
3484	624	180	0
3485	624	181	0
3486	624	182	0
3487	624	183	0
3488	624	184	0
3489	624	185	0
3490	624	186	0
3491	625	167	-5
3492	625	168	-5
3493	625	169	-5
3494	625	170	5
3495	625	171	-5
3496	625	172	5
3497	625	173	-5
3498	625	174	-5
3499	625	175	-5
3500	625	176	5
3501	625	177	-5
3502	625	178	-5
3503	625	179	-5
3504	625	180	-5
3505	625	181	-5
3506	625	182	-5
3507	625	183	-5
3508	625	184	5
3509	625	185	5
3510	625	186	-5
3511	626	167	5
3512	626	168	-5
3513	626	169	5
3514	626	170	5
3515	626	171	5
3516	626	172	3
3517	626	173	5
3518	626	174	3
3519	626	175	5
3520	626	176	3
3521	626	177	3
3522	626	178	3
3523	626	179	-5
3524	626	180	3
3525	626	181	-5
3526	626	182	-5
3527	626	183	3
3528	626	184	-5
3529	626	185	-20
3530	626	186	-5
3531	627	167	3
3532	627	168	-3
3533	627	169	3
3534	627	170	3
3535	627	171	3
3536	627	172	2
3537	627	173	3
3538	627	174	2
3539	627	175	3
3540	627	176	2
3541	627	177	2
3542	627	178	2
3543	627	179	-3
3544	627	180	2
3545	627	181	-3
3546	627	182	-3
3547	627	183	2
3548	627	184	-3
3549	627	185	-5
3550	627	186	-3
3551	628	167	0
3552	628	168	0
3553	628	169	0
3554	628	170	0
3555	628	171	0
3556	628	172	0
3557	628	173	0
3558	628	174	0
3559	628	175	0
3560	628	176	0
3561	628	177	0
3562	628	178	0
3563	628	179	0
3564	628	180	0
3565	628	181	0
3566	628	182	0
3567	628	183	0
3568	628	184	0
3569	628	185	0
3570	628	186	0
3571	629	167	-5
3572	629	168	4
3573	629	169	-5
3574	629	170	-5
3575	629	171	-5
3576	629	172	-3
3577	629	173	-5
3578	629	174	-3
3579	629	175	4
3580	629	176	-3
3581	629	177	-3
3582	629	178	-3
3583	629	179	4
3584	629	180	-3
3585	629	181	4
3586	629	182	4
3587	629	183	-3
3588	629	184	4
3589	629	185	5
3590	629	186	4
3591	630	167	5
3592	630	168	-5
3593	630	169	5
3594	630	170	5
3595	630	171	5
3596	630	172	5
3597	630	173	5
3598	630	174	5
3599	630	175	5
3600	630	176	5
3601	630	177	-5
3602	630	178	5
3603	630	179	5
3604	630	180	5
3605	630	181	5
3606	630	182	-5
3607	630	183	-5
3608	630	184	-5
3609	630	185	-5
3610	630	186	-5
3611	631	167	3
3612	631	168	-3
3613	631	169	3
3614	631	170	3
3615	631	171	3
3616	631	172	3
3617	631	173	3
3618	631	174	3
3619	631	175	3
3620	631	176	3
3621	631	177	-3
3622	631	178	3
3623	631	179	3
3624	631	180	3
3625	631	181	3
3626	631	182	-3
3627	631	183	-3
3628	631	184	-3
3629	631	185	-3
3630	631	186	-3
3631	632	167	0
3632	632	168	0
3633	632	169	0
3634	632	170	0
3635	632	171	0
3636	632	172	0
3637	632	173	0
3638	632	174	0
3639	632	175	0
3640	632	176	0
3641	632	177	0
3642	632	178	0
3643	632	179	0
3644	632	180	0
3645	632	181	0
3646	632	182	0
3647	632	183	0
3648	632	184	0
3649	632	185	0
3650	632	186	0
3651	633	167	5
3652	633	168	-5
3653	633	169	5
3654	633	170	-5
3655	633	171	5
3656	633	172	-5
3657	633	173	-5
3658	633	174	5
3659	633	175	5
3660	633	176	-5
3661	633	177	5
3662	633	178	5
3663	633	179	5
3664	633	180	5
3665	633	181	-5
3666	633	182	5
3667	633	183	5
3668	633	184	5
3669	633	185	5
3670	633	186	5
3671	634	167	0
3672	634	168	0
3673	634	169	0
3674	634	170	0
3675	634	171	0
3676	634	172	0
3677	634	173	0
3678	634	174	0
3679	634	175	0
3680	634	176	0
3681	634	177	0
3682	634	178	0
3683	634	179	0
3684	634	180	0
3685	634	181	0
3686	634	182	0
3687	634	183	0
3688	634	184	0
3689	634	185	0
3690	634	186	0
3691	635	167	5
3692	635	168	-5
3693	635	169	-5
3694	635	170	-5
3695	635	171	5
3696	635	172	-5
3697	635	173	5
3698	635	174	5
3699	635	175	5
3700	635	176	-5
3701	635	177	-5
3702	635	178	-5
3703	635	179	-5
3704	635	180	-5
3705	635	181	-5
3706	635	182	-5
3707	635	183	-5
3708	635	184	-5
3709	635	185	-5
3710	635	186	-5
3711	636	167	3
3712	636	168	-3
3713	636	169	-3
3714	636	170	-3
3715	636	171	3
3716	636	172	-3
3717	636	173	3
3718	636	174	3
3719	636	175	3
3720	636	176	-3
3721	636	177	-3
3722	636	178	-3
3723	636	179	-3
3724	636	180	-3
3725	636	181	-3
3726	636	182	-3
3727	636	183	-3
3728	636	184	-3
3729	636	185	-3
3730	636	186	-3
3731	637	167	1
3732	637	168	-1
3733	637	169	-1
3734	637	170	-1
3735	637	171	1
3736	637	172	-1
3737	637	173	1
3738	637	174	1
3739	637	175	1
3740	637	176	-1
3741	637	177	-1
3742	637	178	-1
3743	637	179	-1
3744	637	180	-1
3745	637	181	-1
3746	637	182	-1
3747	637	183	-1
3748	637	184	-1
3749	637	185	-1
3750	637	186	-1
3751	638	167	0
3752	638	168	0
3753	638	169	0
3754	638	170	0
3755	638	171	0
3756	638	172	0
3757	638	173	0
3758	638	174	0
3759	638	175	0
3760	638	176	0
3761	638	177	0
3762	638	178	0
3763	638	179	0
3764	638	180	0
3765	638	181	0
3766	638	182	0
3767	638	183	0
3768	638	184	0
3769	638	185	0
3770	638	186	0
3771	639	167	5
3772	639	168	3
3773	639	169	3
3774	639	170	-5
3775	639	171	3
3776	639	172	-5
3777	639	173	-5
3778	639	174	3
3779	639	175	3
3780	639	176	-5
3781	639	177	3
3782	639	178	3
3783	639	179	3
3784	639	180	3
3785	639	181	-5
3786	639	182	5
3787	639	183	3
3788	639	184	3
3789	639	185	-5
3790	639	186	3
3791	640	167	3
3792	640	168	2
3793	640	169	2
3794	640	170	-3
3795	640	171	2
3796	640	172	-3
3797	640	173	-3
3798	640	174	2
3799	640	175	2
3800	640	176	-3
3801	640	177	2
3802	640	178	2
3803	640	179	2
3804	640	180	2
3805	640	181	-3
3806	640	182	3
3807	640	183	2
3808	640	184	2
3809	640	185	-3
3810	640	186	2
3811	641	167	2
3812	641	168	1
3813	641	169	1
3814	641	170	0
3815	641	171	1
3816	641	172	0
3817	641	173	0
3818	641	174	1
3819	641	175	1
3820	641	176	0
3821	641	177	1
3822	641	178	1
3823	641	179	1
3824	641	180	1
3825	641	181	0
3826	641	182	2
3827	641	183	1
3828	641	184	1
3829	641	185	0
3830	641	186	1
3831	642	167	0
3832	642	168	0
3833	642	169	0
3834	642	170	0
3835	642	171	0
3836	642	172	0
3837	642	173	0
3838	642	174	0
3839	642	175	0
3840	642	176	0
3841	642	177	0
3842	642	178	0
3843	642	179	0
3844	642	180	0
3845	642	181	0
3846	642	182	0
3847	642	183	0
3848	642	184	0
3849	642	185	0
3850	642	186	0
3851	643	167	5
3852	643	168	-5
3853	643	169	5
3854	643	170	5
3855	643	171	5
3856	643	172	5
3857	643	173	5
3858	643	174	5
3859	643	175	5
3860	643	176	5
3861	643	177	3
3862	643	178	3
3863	643	179	3
3864	643	180	3
3865	643	181	5
3866	643	182	3
3867	643	183	5
3868	643	184	3
3869	643	185	-5
3870	643	186	3
3871	644	167	3
3872	644	168	-3
3873	644	169	3
3874	644	170	3
3875	644	171	3
3876	644	172	3
3877	644	173	3
3878	644	174	3
3879	644	175	3
3880	644	176	3
3881	644	177	1
3882	644	178	1
3883	644	179	1
3884	644	180	1
3885	644	181	3
3886	644	182	1
3887	644	183	3
3888	644	184	1
3889	644	185	-3
3890	644	186	1
3891	645	167	0
3892	645	168	0
3893	645	169	0
3894	645	170	0
3895	645	171	0
3896	645	172	0
3897	645	173	0
3898	645	174	0
3899	645	175	0
3900	645	176	0
3901	645	177	0
3902	645	178	0
3903	645	179	0
3904	645	180	0
3905	645	181	0
3906	645	182	0
3907	645	183	0
3908	645	184	0
3909	645	185	0
3910	645	186	0
3911	646	167	-3
3912	646	168	5
3913	646	169	0
3914	646	170	-3
3915	646	171	-3
3916	646	172	-3
3917	646	173	-3
3918	646	174	-3
3919	646	175	-3
3920	646	176	-3
3921	646	177	0
3922	646	178	0
3923	646	179	0
3924	646	180	0
3925	646	181	-5
3926	646	182	0
3927	646	183	0
3928	646	184	0
3929	646	185	5
3930	646	186	0
3931	647	167	-20
3932	647	168	5
3933	647	169	5
3934	647	170	-20
3935	647	171	-20
3936	647	172	-20
3937	647	173	-20
3938	647	174	-20
3939	647	175	-20
3940	647	176	-20
3941	647	177	-20
3942	647	178	-20
3943	647	179	-20
3944	647	180	-20
3945	647	181	5
3946	647	182	5
3947	647	183	-20
3948	647	184	-20
3949	647	185	5
3950	647	186	5
3951	648	167	-3
3952	648	168	3
3953	648	169	3
3954	648	170	-3
3955	648	171	-3
3956	648	172	-3
3957	648	173	-3
3958	648	174	-3
3959	648	175	-3
3960	648	176	-3
3961	648	177	-3
3962	648	178	-3
3963	648	179	-3
3964	648	180	-3
3965	648	181	3
3966	648	182	3
3967	648	183	-3
3968	648	184	-3
3969	648	185	3
3970	648	186	3
3971	649	167	0
3972	649	168	0
3973	649	169	0
3974	649	170	0
3975	649	171	0
3976	649	172	0
3977	649	173	0
3978	649	174	0
3979	649	175	0
3980	649	176	0
3981	649	177	0
3982	649	178	0
3983	649	179	0
3984	649	180	0
3985	649	181	0
3986	649	182	0
3987	649	183	0
3988	649	184	0
3989	649	185	0
3990	649	186	0
3991	650	167	5
3992	650	168	-20
3993	650	169	-20
3994	650	170	5
3995	650	171	5
3996	650	172	5
3997	650	173	5
3998	650	174	5
3999	650	175	5
4000	650	176	5
4001	650	177	5
4002	650	178	5
4003	650	179	5
4004	650	180	5
4005	650	181	-20
4006	650	182	-20
4007	650	183	5
4008	650	184	5
4009	650	185	-20
4010	650	186	-20
4011	651	167	-5
4012	651	168	5
4013	651	169	3
4014	651	170	-5
4015	651	171	-5
4016	651	172	-5
4017	651	173	-5
4018	651	174	-5
4019	651	175	-5
4020	651	176	-5
4021	651	177	-5
4022	651	178	-5
4023	651	179	-5
4024	651	180	-5
4025	651	181	-5
4026	651	182	5
4027	651	183	3
4028	651	184	3
4029	651	185	5
4030	651	186	5
4031	652	167	-3
4032	652	168	3
4033	652	169	1
4034	652	170	-3
4035	652	171	-3
4036	652	172	-3
4037	652	173	-3
4038	652	174	-3
4039	652	175	-3
4040	652	176	-3
4041	652	177	-3
4042	652	178	-3
4043	652	179	-3
4044	652	180	-3
4045	652	181	-3
4046	652	182	3
4047	652	183	1
4048	652	184	1
4049	652	185	3
4050	652	186	3
4051	653	167	0
4052	653	168	3
4053	653	169	1
4054	653	170	0
4055	653	171	0
4056	653	172	0
4057	653	173	0
4058	653	174	0
4059	653	175	0
4060	653	176	0
4061	653	177	0
4062	653	178	0
4063	653	179	0
4064	653	180	0
4065	653	181	0
4066	653	182	3
4067	653	183	1
4068	653	184	1
4069	653	185	3
4070	653	186	3
4071	654	167	5
4072	654	168	-20
4073	654	169	-3
4074	654	170	5
4075	654	171	5
4076	654	172	5
4077	654	173	5
4078	654	174	5
4079	654	175	5
4080	654	176	5
4081	654	177	5
4082	654	178	5
4083	654	179	5
4084	654	180	5
4085	654	181	5
4086	654	182	-20
4087	654	183	-3
4088	654	184	-3
4089	654	185	-20
4090	654	186	-20
4091	655	167	5
4092	655	168	-20
4093	655	169	5
4094	655	170	5
4095	655	171	5
4096	655	172	5
4097	655	173	5
4098	655	174	-5
4099	655	175	-5
4100	655	176	5
4101	655	177	-5
4102	655	178	5
4103	655	179	-20
4104	655	180	-20
4105	655	181	-5
4106	655	182	-20
4107	655	183	5
4108	655	184	-5
4109	655	185	-20
4110	655	186	-20
4111	656	167	5
4112	656	168	-20
4113	656	169	5
4114	656	170	5
4115	656	171	5
4116	656	172	5
4117	656	173	5
4118	656	174	5
4119	656	175	5
4120	656	176	5
4121	656	177	5
4122	656	178	5
4123	656	179	-20
4124	656	180	-20
4125	656	181	5
4126	656	182	-20
4127	656	183	5
4128	656	184	5
4129	656	185	-20
4130	656	186	-20
4131	657	167	-5
4132	657	168	5
4133	657	169	-5
4134	657	170	-5
4135	657	171	-5
4136	657	172	-5
4137	657	173	-5
4138	657	174	-5
4139	657	175	-5
4140	657	176	-5
4141	657	177	-5
4142	657	178	-5
4143	657	179	5
4144	657	180	5
4145	657	181	-5
4146	657	182	5
4147	657	183	-5
4148	657	184	-5
4149	657	185	5
4150	657	186	5
4151	658	167	0
4152	658	168	0
4153	658	169	0
4154	658	170	0
4155	658	171	0
4156	658	172	0
4157	658	173	0
4158	658	174	0
4159	658	175	0
4160	658	176	0
4161	658	177	0
4162	658	178	0
4163	658	179	0
4164	658	180	0
4165	658	181	0
4166	658	182	0
4167	658	183	0
4168	658	184	0
4169	658	185	0
4170	658	186	0
4171	659	167	5
4172	659	168	5
4173	659	169	5
4174	659	170	5
4175	659	171	5
4176	659	172	5
4177	659	173	5
4178	659	174	5
4179	659	175	5
4180	659	176	5
4181	659	177	5
4182	659	178	5
4183	659	179	-5
4184	659	180	-5
4185	659	181	-5
4186	659	182	-5
4187	659	183	5
4188	659	184	-5
4189	659	185	-5
4190	659	186	5
4191	660	167	-5
4192	660	168	-5
4193	660	169	-5
4194	660	170	-5
4195	660	171	-5
4196	660	172	-5
4197	660	173	-5
4198	660	174	-5
4199	660	175	-5
4200	660	176	-5
4201	660	177	-5
4202	660	178	-5
4203	660	179	5
4204	660	180	5
4205	660	181	-5
4206	660	182	5
4207	660	183	-5
4208	660	184	5
4209	660	185	-5
4210	660	186	-5
4211	661	167	-5
4212	661	168	-5
4213	661	169	-5
4214	661	170	-5
4215	661	171	-5
4216	661	172	-5
4217	661	173	-5
4218	661	174	-5
4219	661	175	-5
4220	661	176	-5
4221	661	177	-5
4222	661	178	-5
4223	661	179	-5
4224	661	180	-5
4225	661	181	5
4226	661	182	-5
4227	661	183	-5
4228	661	184	-5
4229	661	185	5
4230	661	186	-5
4231	662	167	0
4232	662	168	0
4233	662	169	0
4234	662	170	0
4235	662	171	0
4236	662	172	0
4237	662	173	0
4238	662	174	0
4239	662	175	0
4240	662	176	0
4241	662	177	0
4242	662	178	0
4243	662	179	0
4244	662	180	0
4245	662	181	0
4246	662	182	0
4247	662	183	0
4248	662	184	0
4249	662	185	0
4250	662	186	0
4251	663	167	0
4252	663	168	0
4253	663	169	0
4254	663	170	0
4255	663	171	0
4256	663	172	0
4257	663	173	0
4258	663	174	0
4259	663	175	0
4260	663	176	0
4261	663	177	0
4262	663	178	0
4263	663	179	0
4264	663	180	0
4265	663	181	0
4266	663	182	0
4267	663	183	0
4268	663	184	0
4269	663	185	0
4270	663	186	0
4271	664	167	5
4272	664	168	-20
4273	664	169	5
4274	664	170	5
4275	664	171	5
4276	664	172	5
4277	664	173	5
4278	664	174	5
4279	664	175	5
4280	664	176	5
4281	664	177	5
4282	664	178	5
4283	664	179	-20
4284	664	180	-20
4285	664	181	5
4286	664	182	-20
4287	664	183	5
4288	664	184	-20
4289	664	185	-20
4290	664	186	5
4291	665	167	-20
4292	665	168	-20
4293	665	169	-20
4294	665	170	-20
4295	665	171	-20
4296	665	172	-20
4297	665	173	-20
4298	665	174	-20
4299	665	175	-20
4300	665	176	-20
4301	665	177	-20
4302	665	178	-20
4303	665	179	0
4304	665	180	-20
4305	665	181	5
4306	665	182	0
4307	665	183	-20
4308	665	184	0
4309	665	185	0
4310	665	186	0
4311	666	167	-5
4312	666	168	-5
4313	666	169	-5
4314	666	170	-5
4315	666	171	-5
4316	666	172	-5
4317	666	173	-5
4318	666	174	-5
4319	666	175	-5
4320	666	176	-5
4321	666	177	-5
4322	666	178	-5
4323	666	179	0
4324	666	180	-5
4325	666	181	5
4326	666	182	0
4327	666	183	-5
4328	666	184	0
4329	666	185	0
4330	666	186	0
4331	667	167	0
4332	667	168	0
4333	667	169	0
4334	667	170	0
4335	667	171	0
4336	667	172	0
4337	667	173	0
4338	667	174	0
4339	667	175	0
4340	667	176	0
4341	667	177	0
4342	667	178	0
4343	667	179	0
4344	667	180	0
4345	667	181	3
4346	667	182	0
4347	667	183	0
4348	667	184	0
4349	667	185	0
4350	667	186	0
4351	668	167	5
4352	668	168	5
4353	668	169	5
4354	668	170	5
4355	668	171	5
4356	668	172	5
4357	668	173	5
4358	668	174	5
4359	668	175	5
4360	668	176	5
4361	668	177	5
4362	668	178	5
4363	668	179	0
4364	668	180	5
4365	668	181	-20
4366	668	182	0
4367	668	183	5
4368	668	184	0
4369	668	185	0
4370	668	186	0
4371	669	167	5
4372	669	168	-5
4373	669	169	3
4374	669	170	5
4375	669	171	5
4376	669	172	3
4377	669	173	5
4378	669	174	5
4379	669	175	5
4380	669	176	3
4381	669	177	5
4382	669	178	5
4383	669	179	5
4384	669	180	5
4385	669	181	-5
4386	669	182	3
4387	669	183	5
4388	669	184	3
4389	669	185	3
4390	669	186	3
4391	670	167	3
4392	670	168	-3
4393	670	169	1
4394	670	170	3
4395	670	171	3
4396	670	172	1
4397	670	173	3
4398	670	174	3
4399	670	175	3
4400	670	176	1
4401	670	177	3
4402	670	178	3
4403	670	179	3
4404	670	180	3
4405	670	181	-1
4406	670	182	1
4407	670	183	3
4408	670	184	1
4409	670	185	1
4410	670	186	1
4411	671	167	0
4412	671	168	0
4413	671	169	0
4414	671	170	0
4415	671	171	0
4416	671	172	0
4417	671	173	0
4418	671	174	0
4419	671	175	0
4420	671	176	0
4421	671	177	0
4422	671	178	0
4423	671	179	0
4424	671	180	0
4425	671	181	0
4426	671	182	0
4427	671	183	0
4428	671	184	0
4429	671	185	0
4430	671	186	0
4431	672	167	-5
4432	672	168	5
4433	672	169	-3
4434	672	170	-5
4435	672	171	-5
4436	672	172	-3
4437	672	173	-5
4438	672	174	-5
4439	672	175	-5
4440	672	176	-3
4441	672	177	-5
4442	672	178	-5
4443	672	179	-5
4444	672	180	-5
4445	672	181	5
4446	672	182	-3
4447	672	183	-5
4448	672	184	-3
4449	672	185	-3
4450	672	186	-3
4451	673	187	5
4452	673	188	5
4453	673	189	5
4454	673	190	5
4455	673	191	5
4456	673	192	-20
4457	673	193	5
4458	673	194	5
4459	673	195	5
4460	673	196	-20
4461	673	197	5
4462	673	198	5
4463	673	199	5
4464	673	200	5
4465	673	201	5
4466	673	202	5
4467	673	203	5
4468	673	204	5
4469	673	205	5
4470	673	206	5
4471	674	187	3
4472	674	188	3
4473	674	189	3
4474	674	190	3
4475	674	191	3
4476	674	192	-5
4477	674	193	3
4478	674	194	3
4479	674	195	3
4480	674	196	-5
4481	674	197	3
4482	674	198	3
4483	674	199	3
4484	674	200	3
4485	674	201	3
4486	674	202	3
4487	674	203	3
4488	674	204	3
4489	674	205	3
4490	674	206	3
4491	675	187	0
4492	675	188	0
4493	675	189	0
4494	675	190	0
4495	675	191	0
4496	675	192	0
4497	675	193	0
4498	675	194	0
4499	675	195	0
4500	675	196	0
4501	675	197	0
4502	675	198	0
4503	675	199	0
4504	675	200	0
4505	675	201	0
4506	675	202	0
4507	675	203	0
4508	675	204	0
4509	675	205	0
4510	675	206	0
4511	676	187	-5
4512	676	188	-5
4513	676	189	-5
4514	676	190	-5
4515	676	191	-5
4516	676	192	5
4517	676	193	-5
4518	676	194	-5
4519	676	195	-5
4520	676	196	5
4521	676	197	-5
4522	676	198	-5
4523	676	199	-5
4524	676	200	-5
4525	676	201	-5
4526	676	202	-5
4527	676	203	-5
4528	676	204	-5
4529	676	205	-5
4530	676	206	-5
4531	677	187	-3
4532	677	188	-5
4533	677	189	-5
4534	677	190	3
4535	677	191	-2
4536	677	192	2
4537	677	193	3
4538	677	194	-3
4539	677	195	3
4540	677	196	-5
4541	677	197	5
4542	677	198	5
4543	677	199	5
4544	677	200	5
4545	677	201	-5
4546	677	202	3
4547	677	203	-5
4548	677	204	5
4549	677	205	5
4550	677	206	-5
4551	678	187	3
4552	678	188	-1
4553	678	189	4
4554	678	190	3
4555	678	191	3
4556	678	192	-3
4557	678	193	1
4558	678	194	5
4559	678	195	1
4560	678	196	5
4561	678	197	3
4562	678	198	3
4563	678	199	5
4564	678	200	5
4565	678	201	-5
4566	678	202	-5
4567	678	203	3
4568	678	204	5
4569	678	205	5
4570	678	206	5
4571	679	187	-3
4572	679	188	5
4573	679	189	5
4574	679	190	-2
4575	679	191	-2
4576	679	192	-3
4577	679	193	-5
4578	679	194	-3
4579	679	195	-5
4580	679	196	-5
4581	679	197	-5
4582	679	198	-5
4583	679	199	5
4584	679	200	5
4585	679	201	-5
4586	679	202	-5
4587	679	203	5
4588	679	204	5
4589	679	205	-5
4590	679	206	-5
4591	680	187	3
4592	680	188	2
4593	680	189	4
4594	680	190	-2
4595	680	191	3
4596	680	192	2
4597	680	193	1
4598	680	194	5
4599	680	195	-5
4600	680	196	5
4601	680	197	-5
4602	680	198	-5
4603	680	199	3
4604	680	200	5
4605	680	201	5
4606	680	202	4
4607	680	203	3
4608	680	204	5
4609	680	205	-5
4610	680	206	-5
4611	681	187	3
4612	681	188	5
4613	681	189	5
4614	681	190	-5
4615	681	191	3
4616	681	192	-3
4617	681	193	-3
4618	681	194	4
4619	681	195	4
4620	681	196	-5
4621	681	197	5
4622	681	198	5
4623	681	199	5
4624	681	200	5
4625	681	201	-5
4626	681	202	5
4627	681	203	5
4628	681	204	5
4629	681	205	5
4630	681	206	5
4631	682	187	4
4632	682	188	4
4633	682	189	4
4634	682	190	-4
4635	682	191	3
4636	682	192	-2
4637	682	193	-2
4638	682	194	3
4639	682	195	3
4640	682	196	-4
4641	682	197	4
4642	682	198	4
4643	682	199	4
4644	682	200	4
4645	682	201	-4
4646	682	202	4
4647	682	203	4
4648	682	204	4
4649	682	205	4
4650	682	206	4
4651	683	187	0
4652	683	188	0
4653	683	189	0
4654	683	190	0
4655	683	191	0
4656	683	192	0
4657	683	193	0
4658	683	194	0
4659	683	195	0
4660	683	196	0
4661	683	197	0
4662	683	198	0
4663	683	199	0
4664	683	200	0
4665	683	201	0
4666	683	202	0
4667	683	203	0
4668	683	204	0
4669	683	205	0
4670	683	206	0
4671	684	187	-3
4672	684	188	-5
4673	684	189	-5
4674	684	190	5
4675	684	191	-3
4676	684	192	3
4677	684	193	3
4678	684	194	-4
4679	684	195	-4
4680	684	196	5
4681	684	197	-5
4682	684	198	-5
4683	684	199	-5
4684	684	200	-5
4685	684	201	5
4686	684	202	-5
4687	684	203	-5
4688	684	204	-5
4689	684	205	-5
4690	684	206	-5
4691	685	187	3
4692	685	188	-20
4693	685	189	-20
4694	685	190	3
4695	685	191	5
4696	685	192	5
4697	685	193	5
4698	685	194	3
4699	685	195	5
4700	685	196	5
4701	685	197	-20
4702	685	198	-20
4703	685	199	-20
4704	685	200	-20
4705	685	201	-3
4706	685	202	-20
4707	685	203	-20
4708	685	204	-20
4709	685	205	-20
4710	685	206	-20
4711	686	187	3
4712	686	188	-5
4713	686	189	-5
4714	686	190	3
4715	686	191	5
4716	686	192	5
4717	686	193	5
4718	686	194	3
4719	686	195	5
4720	686	196	5
4721	686	197	-5
4722	686	198	-5
4723	686	199	-5
4724	686	200	-5
4725	686	201	0
4726	686	202	-5
4727	686	203	-5
4728	686	204	-5
4729	686	205	-5
4730	686	206	-5
4731	687	187	0
4732	687	188	0
4733	687	189	0
4734	687	190	0
4735	687	191	0
4736	687	192	0
4737	687	193	0
4738	687	194	0
4739	687	195	0
4740	687	196	0
4741	687	197	0
4742	687	198	0
4743	687	199	0
4744	687	200	0
4745	687	201	0
4746	687	202	0
4747	687	203	0
4748	687	204	0
4749	687	205	0
4750	687	206	0
4751	688	187	-3
4752	688	188	5
4753	688	189	5
4754	688	190	-3
4755	688	191	-20
4756	688	192	-20
4757	688	193	-20
4758	688	194	-3
4759	688	195	-20
4760	688	196	-20
4761	688	197	5
4762	688	198	5
4763	688	199	5
4764	688	200	5
4765	688	201	3
4766	688	202	5
4767	688	203	5
4768	688	204	5
4769	688	205	5
4770	688	206	5
4771	689	187	-20
4772	689	188	3
4773	689	189	-20
4774	689	190	-20
4775	689	191	-20
4776	689	192	-5
4777	689	193	-20
4778	689	194	-20
4779	689	195	-20
4780	689	196	-5
4781	689	197	2
4782	689	198	1
4783	689	199	3
4784	689	200	3
4785	689	201	2
4786	689	202	5
4787	689	203	3
4788	689	204	-3
4789	689	205	-3
4790	689	206	2
4791	690	187	-5
4792	690	188	4
4793	690	189	-5
4794	690	190	-5
4795	690	191	-5
4796	690	192	3
4797	690	193	-5
4798	690	194	-5
4799	690	195	-5
4800	690	196	-5
4801	690	197	5
4802	690	198	5
4803	690	199	5
4804	690	200	5
4805	690	201	5
4806	690	202	5
4807	690	203	5
4808	690	204	5
4809	690	205	3
4810	690	206	4
4811	691	187	5
4812	691	188	-3
4813	691	189	5
4814	691	190	5
4815	691	191	5
4816	691	192	5
4817	691	193	5
4818	691	194	5
4819	691	195	5
4820	691	196	5
4821	691	197	3
4822	691	198	4
4823	691	199	3
4824	691	200	3
4825	691	201	5
4826	691	202	5
4827	691	203	5
4828	691	204	3
4829	691	205	5
4830	691	206	3
4831	692	187	5
4832	692	188	-5
4833	692	189	5
4834	692	190	5
4835	692	191	5
4836	692	192	3
4837	692	193	5
4838	692	194	5
4839	692	195	5
4840	692	196	3
4841	692	197	3
4842	692	198	-3
4843	692	199	-5
4844	692	200	-5
4845	692	201	3
4846	692	202	-3
4847	692	203	-3
4848	692	204	-3
4849	692	205	-3
4850	692	206	-5
4851	693	187	-20
4852	693	188	-20
4853	693	189	-20
4854	693	190	5
4855	693	191	5
4856	693	192	5
4857	693	193	5
4858	693	194	5
4859	693	195	5
4860	693	196	5
4861	693	197	5
4862	693	198	5
4863	693	199	-20
4864	693	200	-5
4865	693	201	-20
4866	693	202	-20
4867	693	203	-20
4868	693	204	-20
4869	693	205	-20
4870	693	206	-20
4871	694	187	-20
4872	694	188	-20
4873	694	189	-20
4874	694	190	-20
4875	694	191	-20
4876	694	192	-20
4877	694	193	-20
4878	694	194	-20
4879	694	195	-20
4880	694	196	-20
4881	694	197	-20
4882	694	198	-20
4883	694	199	5
4884	694	200	5
4885	694	201	5
4886	694	202	5
4887	694	203	-20
4888	694	204	-20
4889	694	205	-20
4890	694	206	-20
4891	695	187	-20
4892	695	188	-20
4893	695	189	-20
4894	695	190	-20
4895	695	191	-20
4896	695	192	-20
4897	695	193	-20
4898	695	194	-20
4899	695	195	-20
4900	695	196	-20
4901	695	197	-20
4902	695	198	-20
4903	695	199	5
4904	695	200	-20
4905	695	201	-20
4906	695	202	-20
4907	695	203	-20
4908	695	204	5
4909	695	205	5
4910	695	206	-20
4911	696	187	5
4912	696	188	5
4913	696	189	-20
4914	696	190	-20
4915	696	191	-20
4916	696	192	-20
4917	696	193	-20
4918	696	194	-20
4919	696	195	-20
4920	696	196	-20
4921	696	197	-20
4922	696	198	-20
4923	696	199	-20
4924	696	200	-20
4925	696	201	-20
4926	696	202	-20
4927	696	203	5
4928	696	204	-20
4929	696	205	-20
4930	696	206	5
4931	697	187	-20
4932	697	188	-20
4933	697	189	5
4934	697	190	-20
4935	697	191	-20
4936	697	192	-20
4937	697	193	-20
4938	697	194	-20
4939	697	195	-20
4940	697	196	-20
4941	697	197	-20
4942	697	198	-20
4943	697	199	-20
4944	697	200	-20
4945	697	201	-20
4946	697	202	-20
4947	697	203	-20
4948	697	204	-20
4949	697	205	-20
4950	697	206	-20
4951	698	187	0
4952	698	188	0
4953	698	189	0
4954	698	190	0
4955	698	191	0
4956	698	192	0
4957	698	193	0
4958	698	194	0
4959	698	195	0
4960	698	196	0
4961	698	197	0
4962	698	198	0
4963	698	199	0
4964	698	200	0
4965	698	201	0
4966	698	202	0
4967	698	203	0
4968	698	204	0
4969	698	205	0
4970	698	206	0
4971	699	187	5
4972	699	188	5
4973	699	189	5
4974	699	190	-20
4975	699	191	5
4976	699	192	-20
4977	699	193	5
4978	699	194	5
4979	699	195	5
4980	699	196	-20
4981	699	197	5
4982	699	198	5
4983	699	199	5
4984	699	200	5
4985	699	201	5
4986	699	202	5
4987	699	203	5
4988	699	204	-20
4989	699	205	-20
4990	699	206	5
4991	700	187	3
4992	700	188	3
4993	700	189	3
4994	700	190	-3
4995	700	191	3
4996	700	192	-3
4997	700	193	3
4998	700	194	3
4999	700	195	3
5000	700	196	-3
5001	700	197	3
5002	700	198	3
5003	700	199	3
5004	700	200	3
5005	700	201	3
5006	700	202	3
5007	700	203	3
5008	700	204	-3
5009	700	205	-3
5010	700	206	3
5011	701	187	0
5012	701	188	0
5013	701	189	0
5014	701	190	0
5015	701	191	0
5016	701	192	0
5017	701	193	0
5018	701	194	0
5019	701	195	0
5020	701	196	0
5021	701	197	0
5022	701	198	0
5023	701	199	0
5024	701	200	0
5025	701	201	0
5026	701	202	0
5027	701	203	0
5028	701	204	0
5029	701	205	0
5030	701	206	0
5031	702	187	-5
5032	702	188	-5
5033	702	189	-5
5034	702	190	5
5035	702	191	-5
5036	702	192	5
5037	702	193	-5
5038	702	194	-5
5039	702	195	-5
5040	702	196	5
5041	702	197	-5
5042	702	198	-5
5043	702	199	-5
5044	702	200	-5
5045	702	201	-5
5046	702	202	-5
5047	702	203	-5
5048	702	204	5
5049	702	205	5
5050	702	206	-5
5051	703	187	5
5052	703	188	-5
5053	703	189	5
5054	703	190	5
5055	703	191	5
5056	703	192	3
5057	703	193	5
5058	703	194	3
5059	703	195	5
5060	703	196	3
5061	703	197	3
5062	703	198	3
5063	703	199	-5
5064	703	200	3
5065	703	201	-5
5066	703	202	-5
5067	703	203	3
5068	703	204	-5
5069	703	205	-20
5070	703	206	-5
5071	704	187	3
5072	704	188	-3
5073	704	189	3
5074	704	190	3
5075	704	191	3
5076	704	192	2
5077	704	193	3
5078	704	194	2
5079	704	195	3
5080	704	196	2
5081	704	197	2
5082	704	198	2
5083	704	199	-3
5084	704	200	2
5085	704	201	-3
5086	704	202	-3
5087	704	203	2
5088	704	204	-3
5089	704	205	-5
5090	704	206	-3
5091	705	187	0
5092	705	188	0
5093	705	189	0
5094	705	190	0
5095	705	191	0
5096	705	192	0
5097	705	193	0
5098	705	194	0
5099	705	195	0
5100	705	196	0
5101	705	197	0
5102	705	198	0
5103	705	199	0
5104	705	200	0
5105	705	201	0
5106	705	202	0
5107	705	203	0
5108	705	204	0
5109	705	205	0
5110	705	206	0
5111	706	187	-5
5112	706	188	4
5113	706	189	-5
5114	706	190	-5
5115	706	191	-5
5116	706	192	-3
5117	706	193	-5
5118	706	194	-3
5119	706	195	4
5120	706	196	-3
5121	706	197	-3
5122	706	198	-3
5123	706	199	4
5124	706	200	-3
5125	706	201	4
5126	706	202	4
5127	706	203	-3
5128	706	204	4
5129	706	205	5
5130	706	206	4
5131	707	187	5
5132	707	188	-5
5133	707	189	5
5134	707	190	5
5135	707	191	5
5136	707	192	5
5137	707	193	5
5138	707	194	5
5139	707	195	5
5140	707	196	5
5141	707	197	-5
5142	707	198	5
5143	707	199	5
5144	707	200	5
5145	707	201	5
5146	707	202	-5
5147	707	203	-5
5148	707	204	-5
5149	707	205	-5
5150	707	206	-5
5151	708	187	3
5152	708	188	-3
5153	708	189	3
5154	708	190	3
5155	708	191	3
5156	708	192	3
5157	708	193	3
5158	708	194	3
5159	708	195	3
5160	708	196	3
5161	708	197	-3
5162	708	198	3
5163	708	199	3
5164	708	200	3
5165	708	201	3
5166	708	202	-3
5167	708	203	-3
5168	708	204	-3
5169	708	205	-3
5170	708	206	-3
5171	709	187	0
5172	709	188	0
5173	709	189	0
5174	709	190	0
5175	709	191	0
5176	709	192	0
5177	709	193	0
5178	709	194	0
5179	709	195	0
5180	709	196	0
5181	709	197	0
5182	709	198	0
5183	709	199	0
5184	709	200	0
5185	709	201	0
5186	709	202	0
5187	709	203	0
5188	709	204	0
5189	709	205	0
5190	709	206	0
5191	710	187	5
5192	710	188	-5
5193	710	189	5
5194	710	190	-5
5195	710	191	5
5196	710	192	-5
5197	710	193	-5
5198	710	194	5
5199	710	195	5
5200	710	196	-5
5201	710	197	5
5202	710	198	5
5203	710	199	5
5204	710	200	5
5205	710	201	-5
5206	710	202	5
5207	710	203	5
5208	710	204	5
5209	710	205	5
5210	710	206	5
5211	711	187	0
5212	711	188	0
5213	711	189	0
5214	711	190	0
5215	711	191	0
5216	711	192	0
5217	711	193	0
5218	711	194	0
5219	711	195	0
5220	711	196	0
5221	711	197	0
5222	711	198	0
5223	711	199	0
5224	711	200	0
5225	711	201	0
5226	711	202	0
5227	711	203	0
5228	711	204	0
5229	711	205	0
5230	711	206	0
5231	712	187	5
5232	712	188	-5
5233	712	189	-5
5234	712	190	-5
5235	712	191	5
5236	712	192	-5
5237	712	193	5
5238	712	194	5
5239	712	195	5
5240	712	196	-5
5241	712	197	-5
5242	712	198	-5
5243	712	199	-5
5244	712	200	-5
5245	712	201	-5
5246	712	202	-5
5247	712	203	-5
5248	712	204	-5
5249	712	205	-5
5250	712	206	-5
5251	713	187	3
5252	713	188	-3
5253	713	189	-3
5254	713	190	-3
5255	713	191	3
5256	713	192	-3
5257	713	193	3
5258	713	194	3
5259	713	195	3
5260	713	196	-3
5261	713	197	-3
5262	713	198	-3
5263	713	199	-3
5264	713	200	-3
5265	713	201	-3
5266	713	202	-3
5267	713	203	-3
5268	713	204	-3
5269	713	205	-3
5270	713	206	-3
5271	714	187	1
5272	714	188	-1
5273	714	189	-1
5274	714	190	-1
5275	714	191	1
5276	714	192	-1
5277	714	193	1
5278	714	194	1
5279	714	195	1
5280	714	196	-1
5281	714	197	-1
5282	714	198	-1
5283	714	199	-1
5284	714	200	-1
5285	714	201	-1
5286	714	202	-1
5287	714	203	-1
5288	714	204	-1
5289	714	205	-1
5290	714	206	-1
5291	715	187	0
5292	715	188	0
5293	715	189	0
5294	715	190	0
5295	715	191	0
5296	715	192	0
5297	715	193	0
5298	715	194	0
5299	715	195	0
5300	715	196	0
5301	715	197	0
5302	715	198	0
5303	715	199	0
5304	715	200	0
5305	715	201	0
5306	715	202	0
5307	715	203	0
5308	715	204	0
5309	715	205	0
5310	715	206	0
5311	716	187	5
5312	716	188	3
5313	716	189	3
5314	716	190	-5
5315	716	191	3
5316	716	192	-5
5317	716	193	-5
5318	716	194	3
5319	716	195	3
5320	716	196	-5
5321	716	197	3
5322	716	198	3
5323	716	199	3
5324	716	200	3
5325	716	201	-5
5326	716	202	5
5327	716	203	3
5328	716	204	3
5329	716	205	-5
5330	716	206	3
5331	717	187	3
5332	717	188	2
5333	717	189	2
5334	717	190	-3
5335	717	191	2
5336	717	192	-3
5337	717	193	-3
5338	717	194	2
5339	717	195	2
5340	717	196	-3
5341	717	197	2
5342	717	198	2
5343	717	199	2
5344	717	200	2
5345	717	201	-3
5346	717	202	3
5347	717	203	2
5348	717	204	2
5349	717	205	-3
5350	717	206	2
5351	718	187	2
5352	718	188	1
5353	718	189	1
5354	718	190	0
5355	718	191	1
5356	718	192	0
5357	718	193	0
5358	718	194	1
5359	718	195	1
5360	718	196	0
5361	718	197	1
5362	718	198	1
5363	718	199	1
5364	718	200	1
5365	718	201	0
5366	718	202	2
5367	718	203	1
5368	718	204	1
5369	718	205	0
5370	718	206	1
5371	719	187	0
5372	719	188	0
5373	719	189	0
5374	719	190	0
5375	719	191	0
5376	719	192	0
5377	719	193	0
5378	719	194	0
5379	719	195	0
5380	719	196	0
5381	719	197	0
5382	719	198	0
5383	719	199	0
5384	719	200	0
5385	719	201	0
5386	719	202	0
5387	719	203	0
5388	719	204	0
5389	719	205	0
5390	719	206	0
5391	720	187	5
5392	720	188	-5
5393	720	189	5
5394	720	190	5
5395	720	191	5
5396	720	192	5
5397	720	193	5
5398	720	194	5
5399	720	195	5
5400	720	196	5
5401	720	197	3
5402	720	198	3
5403	720	199	3
5404	720	200	3
5405	720	201	5
5406	720	202	3
5407	720	203	5
5408	720	204	3
5409	720	205	-5
5410	720	206	3
5411	721	187	3
5412	721	188	-3
5413	721	189	3
5414	721	190	3
5415	721	191	3
5416	721	192	3
5417	721	193	3
5418	721	194	3
5419	721	195	3
5420	721	196	3
5421	721	197	1
5422	721	198	1
5423	721	199	1
5424	721	200	1
5425	721	201	3
5426	721	202	1
5427	721	203	3
5428	721	204	1
5429	721	205	-3
5430	721	206	1
5431	722	187	0
5432	722	188	0
5433	722	189	0
5434	722	190	0
5435	722	191	0
5436	722	192	0
5437	722	193	0
5438	722	194	0
5439	722	195	0
5440	722	196	0
5441	722	197	0
5442	722	198	0
5443	722	199	0
5444	722	200	0
5445	722	201	0
5446	722	202	0
5447	722	203	0
5448	722	204	0
5449	722	205	0
5450	722	206	0
5451	723	187	-3
5452	723	188	5
5453	723	189	0
5454	723	190	-3
5455	723	191	-3
5456	723	192	-3
5457	723	193	-3
5458	723	194	-3
5459	723	195	-3
5460	723	196	-3
5461	723	197	0
5462	723	198	0
5463	723	199	0
5464	723	200	0
5465	723	201	-5
5466	723	202	0
5467	723	203	0
5468	723	204	0
5469	723	205	5
5470	723	206	0
5471	724	187	-20
5472	724	188	5
5473	724	189	5
5474	724	190	-20
5475	724	191	-20
5476	724	192	-20
5477	724	193	-20
5478	724	194	-20
5479	724	195	-20
5480	724	196	-20
5481	724	197	-20
5482	724	198	-20
5483	724	199	-20
5484	724	200	-20
5485	724	201	5
5486	724	202	5
5487	724	203	-20
5488	724	204	-20
5489	724	205	5
5490	724	206	5
5491	725	187	-3
5492	725	188	3
5493	725	189	3
5494	725	190	-3
5495	725	191	-3
5496	725	192	-3
5497	725	193	-3
5498	725	194	-3
5499	725	195	-3
5500	725	196	-3
5501	725	197	-3
5502	725	198	-3
5503	725	199	-3
5504	725	200	-3
5505	725	201	3
5506	725	202	3
5507	725	203	-3
5508	725	204	-3
5509	725	205	3
5510	725	206	3
5511	726	187	0
5512	726	188	0
5513	726	189	0
5514	726	190	0
5515	726	191	0
5516	726	192	0
5517	726	193	0
5518	726	194	0
5519	726	195	0
5520	726	196	0
5521	726	197	0
5522	726	198	0
5523	726	199	0
5524	726	200	0
5525	726	201	0
5526	726	202	0
5527	726	203	0
5528	726	204	0
5529	726	205	0
5530	726	206	0
5531	727	187	5
5532	727	188	-20
5533	727	189	-20
5534	727	190	5
5535	727	191	5
5536	727	192	5
5537	727	193	5
5538	727	194	5
5539	727	195	5
5540	727	196	5
5541	727	197	5
5542	727	198	5
5543	727	199	5
5544	727	200	5
5545	727	201	-20
5546	727	202	-20
5547	727	203	5
5548	727	204	5
5549	727	205	-20
5550	727	206	-20
5551	728	187	-5
5552	728	188	5
5553	728	189	3
5554	728	190	-5
5555	728	191	-5
5556	728	192	-5
5557	728	193	-5
5558	728	194	-5
5559	728	195	-5
5560	728	196	-5
5561	728	197	-5
5562	728	198	-5
5563	728	199	-5
5564	728	200	-5
5565	728	201	-5
5566	728	202	5
5567	728	203	3
5568	728	204	3
5569	728	205	5
5570	728	206	5
5571	729	187	-3
5572	729	188	3
5573	729	189	1
5574	729	190	-3
5575	729	191	-3
5576	729	192	-3
5577	729	193	-3
5578	729	194	-3
5579	729	195	-3
5580	729	196	-3
5581	729	197	-3
5582	729	198	-3
5583	729	199	-3
5584	729	200	-3
5585	729	201	-3
5586	729	202	3
5587	729	203	1
5588	729	204	1
5589	729	205	3
5590	729	206	3
5591	730	187	0
5592	730	188	3
5593	730	189	1
5594	730	190	0
5595	730	191	0
5596	730	192	0
5597	730	193	0
5598	730	194	0
5599	730	195	0
5600	730	196	0
5601	730	197	0
5602	730	198	0
5603	730	199	0
5604	730	200	0
5605	730	201	0
5606	730	202	3
5607	730	203	1
5608	730	204	1
5609	730	205	3
5610	730	206	3
5611	731	187	5
5612	731	188	-20
5613	731	189	-3
5614	731	190	5
5615	731	191	5
5616	731	192	5
5617	731	193	5
5618	731	194	5
5619	731	195	5
5620	731	196	5
5621	731	197	5
5622	731	198	5
5623	731	199	5
5624	731	200	5
5625	731	201	5
5626	731	202	-20
5627	731	203	-3
5628	731	204	-3
5629	731	205	-20
5630	731	206	-20
5631	732	187	5
5632	732	188	-20
5633	732	189	5
5634	732	190	5
5635	732	191	5
5636	732	192	5
5637	732	193	5
5638	732	194	-5
5639	732	195	-5
5640	732	196	5
5641	732	197	-5
5642	732	198	5
5643	732	199	-20
5644	732	200	-20
5645	732	201	-5
5646	732	202	-20
5647	732	203	5
5648	732	204	-5
5649	732	205	-20
5650	732	206	-20
5651	733	187	5
5652	733	188	-20
5653	733	189	5
5654	733	190	5
5655	733	191	5
5656	733	192	5
5657	733	193	5
5658	733	194	5
5659	733	195	5
5660	733	196	5
5661	733	197	5
5662	733	198	5
5663	733	199	-20
5664	733	200	-20
5665	733	201	5
5666	733	202	-20
5667	733	203	5
5668	733	204	5
5669	733	205	-20
5670	733	206	-20
5671	734	187	-5
5672	734	188	5
5673	734	189	-5
5674	734	190	-5
5675	734	191	-5
5676	734	192	-5
5677	734	193	-5
5678	734	194	-5
5679	734	195	-5
5680	734	196	-5
5681	734	197	-5
5682	734	198	-5
5683	734	199	5
5684	734	200	5
5685	734	201	-5
5686	734	202	5
5687	734	203	-5
5688	734	204	-5
5689	734	205	5
5690	734	206	5
5691	735	187	0
5692	735	188	0
5693	735	189	0
5694	735	190	0
5695	735	191	0
5696	735	192	0
5697	735	193	0
5698	735	194	0
5699	735	195	0
5700	735	196	0
5701	735	197	0
5702	735	198	0
5703	735	199	0
5704	735	200	0
5705	735	201	0
5706	735	202	0
5707	735	203	0
5708	735	204	0
5709	735	205	0
5710	735	206	0
5711	736	187	5
5712	736	188	5
5713	736	189	5
5714	736	190	5
5715	736	191	5
5716	736	192	5
5717	736	193	5
5718	736	194	5
5719	736	195	5
5720	736	196	5
5721	736	197	5
5722	736	198	5
5723	736	199	-5
5724	736	200	-5
5725	736	201	-5
5726	736	202	-5
5727	736	203	5
5728	736	204	-5
5729	736	205	-5
5730	736	206	5
5731	737	187	-5
5732	737	188	-5
5733	737	189	-5
5734	737	190	-5
5735	737	191	-5
5736	737	192	-5
5737	737	193	-5
5738	737	194	-5
5739	737	195	-5
5740	737	196	-5
5741	737	197	-5
5742	737	198	-5
5743	737	199	5
5744	737	200	5
5745	737	201	-5
5746	737	202	5
5747	737	203	-5
5748	737	204	5
5749	737	205	-5
5750	737	206	-5
5751	738	187	-5
5752	738	188	-5
5753	738	189	-5
5754	738	190	-5
5755	738	191	-5
5756	738	192	-5
5757	738	193	-5
5758	738	194	-5
5759	738	195	-5
5760	738	196	-5
5761	738	197	-5
5762	738	198	-5
5763	738	199	-5
5764	738	200	-5
5765	738	201	5
5766	738	202	-5
5767	738	203	-5
5768	738	204	-5
5769	738	205	5
5770	738	206	-5
5771	739	187	0
5772	739	188	0
5773	739	189	0
5774	739	190	0
5775	739	191	0
5776	739	192	0
5777	739	193	0
5778	739	194	0
5779	739	195	0
5780	739	196	0
5781	739	197	0
5782	739	198	0
5783	739	199	0
5784	739	200	0
5785	739	201	0
5786	739	202	0
5787	739	203	0
5788	739	204	0
5789	739	205	0
5790	739	206	0
5791	740	187	0
5792	740	188	0
5793	740	189	0
5794	740	190	0
5795	740	191	0
5796	740	192	0
5797	740	193	0
5798	740	194	0
5799	740	195	0
5800	740	196	0
5801	740	197	0
5802	740	198	0
5803	740	199	0
5804	740	200	0
5805	740	201	0
5806	740	202	0
5807	740	203	0
5808	740	204	0
5809	740	205	0
5810	740	206	0
5811	741	187	5
5812	741	188	-20
5813	741	189	5
5814	741	190	5
5815	741	191	5
5816	741	192	5
5817	741	193	5
5818	741	194	5
5819	741	195	5
5820	741	196	5
5821	741	197	5
5822	741	198	5
5823	741	199	-20
5824	741	200	-20
5825	741	201	5
5826	741	202	-20
5827	741	203	5
5828	741	204	-20
5829	741	205	-20
5830	741	206	5
5831	742	187	-20
5832	742	188	-20
5833	742	189	-20
5834	742	190	-20
5835	742	191	-20
5836	742	192	-20
5837	742	193	-20
5838	742	194	-20
5839	742	195	-20
5840	742	196	-20
5841	742	197	-20
5842	742	198	-20
5843	742	199	0
5844	742	200	-20
5845	742	201	5
5846	742	202	0
5847	742	203	-20
5848	742	204	0
5849	742	205	0
5850	742	206	0
5851	743	187	-5
5852	743	188	-5
5853	743	189	-5
5854	743	190	-5
5855	743	191	-5
5856	743	192	-5
5857	743	193	-5
5858	743	194	-5
5859	743	195	-5
5860	743	196	-5
5861	743	197	-5
5862	743	198	-5
5863	743	199	0
5864	743	200	-5
5865	743	201	5
5866	743	202	0
5867	743	203	-5
5868	743	204	0
5869	743	205	0
5870	743	206	0
5871	744	187	0
5872	744	188	0
5873	744	189	0
5874	744	190	0
5875	744	191	0
5876	744	192	0
5877	744	193	0
5878	744	194	0
5879	744	195	0
5880	744	196	0
5881	744	197	0
5882	744	198	0
5883	744	199	0
5884	744	200	0
5885	744	201	0
5886	744	202	0
5887	744	203	0
5888	744	204	0
5889	744	205	0
5890	744	206	0
5891	745	187	5
5892	745	188	5
5893	745	189	5
5894	745	190	5
5895	745	191	5
5896	745	192	5
5897	745	193	5
5898	745	194	5
5899	745	195	5
5900	745	196	5
5901	745	197	5
5902	745	198	5
5903	745	199	0
5904	745	200	5
5905	745	201	-20
5906	745	202	0
5907	745	203	5
5908	745	204	0
5909	745	205	0
5910	745	206	0
5911	746	187	5
5912	746	188	-5
5913	746	189	3
5914	746	190	5
5915	746	191	5
5916	746	192	3
5917	746	193	5
5918	746	194	5
5919	746	195	5
5920	746	196	3
5921	746	197	5
5922	746	198	5
5923	746	199	5
5924	746	200	5
5925	746	201	-5
5926	746	202	3
5927	746	203	5
5928	746	204	3
5929	746	205	3
5930	746	206	3
5931	747	187	3
5932	747	188	-3
5933	747	189	1
5934	747	190	3
5935	747	191	3
5936	747	192	1
5937	747	193	3
5938	747	194	3
5939	747	195	3
5940	747	196	1
5941	747	197	3
5942	747	198	3
5943	747	199	3
5944	747	200	3
5945	747	201	-1
5946	747	202	1
5947	747	203	3
5948	747	204	1
5949	747	205	1
5950	747	206	1
5951	748	187	0
5952	748	188	0
5953	748	189	0
5954	748	190	0
5955	748	191	0
5956	748	192	0
5957	748	193	0
5958	748	194	0
5959	748	195	0
5960	748	196	0
5961	748	197	0
5962	748	198	0
5963	748	199	0
5964	748	200	0
5965	748	201	0
5966	748	202	0
5967	748	203	0
5968	748	204	0
5969	748	205	0
5970	748	206	0
5971	749	187	-5
5972	749	188	5
5973	749	189	-3
5974	749	190	-5
5975	749	191	-5
5976	749	192	-3
5977	749	193	-5
5978	749	194	-5
5979	749	195	-5
5980	749	196	-3
5981	749	197	-5
5982	749	198	-5
5983	749	199	-5
5984	749	200	-5
5985	749	201	5
5986	749	202	-3
5987	749	203	-5
5988	749	204	-3
5989	749	205	-3
5990	749	206	-3
\.


--
-- TOC entry 3063 (class 0 OID 16567)
-- Dependencies: 211
-- Data for Name: user_alternative; Type: TABLE DATA; Schema: public; Owner: -
--

COPY public.user_alternative (user_alternative_id, teleg_id, alternative_id, score) FROM stdin;
466	Juryi_Nikolaevich	119	-16
467	Juryi_Nikolaevich	120	9
468	Juryi_Nikolaevich	121	5
469	Juryi_Nikolaevich	122	0
\.


--
-- TOC entry 3065 (class 0 OID 16579)
-- Dependencies: 213
-- Data for Name: user_keyboard; Type: TABLE DATA; Schema: public; Owner: -
--

COPY public.user_keyboard (user_keyboard_id, teleg_id, keyboard_id) FROM stdin;
86	Juryi_Nikolaevich	130
\.


--
-- TOC entry 3072 (class 0 OID 0)
-- Dependencies: 203
-- Name: alternative_seq; Type: SEQUENCE SET; Schema: public; Owner: -
--

SELECT pg_catalog.setval('public.alternative_seq', 206, true);


--
-- TOC entry 3073 (class 0 OID 0)
-- Dependencies: 201
-- Name: expert_system_seq; Type: SEQUENCE SET; Schema: public; Owner: -
--

SELECT pg_catalog.setval('public.expert_system_seq', 36, true);


--
-- TOC entry 3074 (class 0 OID 0)
-- Dependencies: 205
-- Name: keyboard_seq; Type: SEQUENCE SET; Schema: public; Owner: -
--

SELECT pg_catalog.setval('public.keyboard_seq', 210, true);


--
-- TOC entry 3075 (class 0 OID 0)
-- Dependencies: 209
-- Name: response_option_alternative_seq; Type: SEQUENCE SET; Schema: public; Owner: -
--

SELECT pg_catalog.setval('public.response_option_alternative_seq', 5990, true);


--
-- TOC entry 3076 (class 0 OID 0)
-- Dependencies: 207
-- Name: response_option_seq; Type: SEQUENCE SET; Schema: public; Owner: -
--

SELECT pg_catalog.setval('public.response_option_seq', 749, true);


--
-- TOC entry 3077 (class 0 OID 0)
-- Dependencies: 212
-- Name: user_alternative_seq; Type: SEQUENCE SET; Schema: public; Owner: -
--

SELECT pg_catalog.setval('public.user_alternative_seq', 489, true);


--
-- TOC entry 3078 (class 0 OID 0)
-- Dependencies: 214
-- Name: user_keyboard_seq; Type: SEQUENCE SET; Schema: public; Owner: -
--

SELECT pg_catalog.setval('public.user_keyboard_seq', 87, true);


--
-- TOC entry 2909 (class 2606 OID 16521)
-- Name: alternative alternative_pkey; Type: CONSTRAINT; Schema: public; Owner: -
--

ALTER TABLE ONLY public.alternative
    ADD CONSTRAINT alternative_pkey PRIMARY KEY (alternative_id);


--
-- TOC entry 2907 (class 2606 OID 16507)
-- Name: expert_system expert_system_pkey; Type: CONSTRAINT; Schema: public; Owner: -
--

ALTER TABLE ONLY public.expert_system
    ADD CONSTRAINT expert_system_pkey PRIMARY KEY (expert_system_id);


--
-- TOC entry 2911 (class 2606 OID 16529)
-- Name: keyboard keyboard_pkey; Type: CONSTRAINT; Schema: public; Owner: -
--

ALTER TABLE ONLY public.keyboard
    ADD CONSTRAINT keyboard_pkey PRIMARY KEY (keyboard_id);


--
-- TOC entry 2915 (class 2606 OID 16552)
-- Name: response_option_alternative response_option_alternative_pkey; Type: CONSTRAINT; Schema: public; Owner: -
--

ALTER TABLE ONLY public.response_option_alternative
    ADD CONSTRAINT response_option_alternative_pkey PRIMARY KEY (response_option_alternative_id);


--
-- TOC entry 2913 (class 2606 OID 16540)
-- Name: response_option response_options_pkey; Type: CONSTRAINT; Schema: public; Owner: -
--

ALTER TABLE ONLY public.response_option
    ADD CONSTRAINT response_options_pkey PRIMARY KEY (response_option_id);


--
-- TOC entry 2919 (class 2606 OID 16571)
-- Name: user_alternative user_alternative_pkey; Type: CONSTRAINT; Schema: public; Owner: -
--

ALTER TABLE ONLY public.user_alternative
    ADD CONSTRAINT user_alternative_pkey PRIMARY KEY (user_alternative_id);


--
-- TOC entry 2921 (class 2606 OID 16583)
-- Name: user_keyboard user_keyboard_pkey; Type: CONSTRAINT; Schema: public; Owner: -
--

ALTER TABLE ONLY public.user_keyboard
    ADD CONSTRAINT user_keyboard_pkey PRIMARY KEY (user_keyboard_id);


--
-- TOC entry 2917 (class 2606 OID 16563)
-- Name: bot_user users_pkey; Type: CONSTRAINT; Schema: public; Owner: -
--

ALTER TABLE ONLY public.bot_user
    ADD CONSTRAINT users_pkey PRIMARY KEY (teleg_id);


-- Completed on 2022-11-30 11:32:50

--
-- PostgreSQL database dump complete
--

